Workbook

Sheet 1. 경신전선 요약
C4: 1. 월 손익/원가 요약 | P4: (단위:백만원)
C5: 구 분 | D5: 2026년 계 획 | E5: 년계획 진척률 | F5: 누 계 계 획 | G5: 누 계 실 적 | H5: 달성률 | I5: 전 월 실 적 | J5: 매 출 구성비 | K5: 당 월 계 획 | L5: 매 출 구성비 | M5: 당 월 실 적 | N5: 매 출 구성비 | O5: 전 월 대 비 | P5: 계 획 대 비
C6: Ⅰ. 매출액 | D6: =+'2. 손익계산서'!C6/1000000 -> 47498.576 | E6: =+'2. 손익계산서'!D6 -> 0 | F6: =+'2. 손익계산서'!E6/1000000 -> 1801.9737 | G6: =+'2. 손익계산서'!F6/1000000 -> 0 | H6: =+'2. 손익계산서'!G6 -> 0 | I6: =+'2. 손익계산서'!H6/1000000 -> 0 | J6: =+'2. 손익계산서'!I6 -> 0 | K6: =+'2. 손익계산서'!J6/1000000 -> 1801.9737 | L6: =+'2. 손익계산서'!K6 -> 1 | M6: =+'2. 손익계산서'!L6/1000000 -> 0 | N6: =+'2. 손익계산서'!M6 -> 0 | O6: =+'2. 손익계산서'!N6 -> 0 | P6: =+'2. 손익계산서'!O6 -> 0
C7: W/H | D7: =+'2. 손익계산서'!C7/1000000 -> 0 | E7: =+'2. 손익계산서'!D7 -> 0 | F7: =+'2. 손익계산서'!E7/1000000 -> 0 | G7: =+'2. 손익계산서'!F7/1000000 -> 0 | H7: =+'2. 손익계산서'!G7 -> 0 | I7: =+'2. 손익계산서'!H7/1000000 -> 0 | J7: =+'2. 손익계산서'!I7 -> 0 | K7: =+'2. 손익계산서'!J7/1000000 -> 0 | L7: =+'2. 손익계산서'!K7 -> 0 | M7: =+'2. 손익계산서'!L7/1000000 -> 0 | N7: =+'2. 손익계산서'!M7 -> 0 | O7: =+'2. 손익계산서'!N7 -> 0 | P7: =+'2. 손익계산서'!O7 -> 0 | Z7: =M7-K7 -> 0 | AA7: =M7-I7 -> 0
C8: 상품 | D8: =+'2. 손익계산서'!C8/1000000 -> 9059.1683 | E8: =+'2. 손익계산서'!D8 -> 0 | F8: =+'2. 손익계산서'!E8/1000000 -> 268.009 | G8: =+'2. 손익계산서'!F8/1000000 -> 0 | H8: =+'2. 손익계산서'!G8 -> 0 | I8: =+'2. 손익계산서'!H8/1000000 -> 0 | J8: =+'2. 손익계산서'!I8 -> 0 | K8: =+'2. 손익계산서'!J8/1000000 -> 268.009 | L8: =+'2. 손익계산서'!K8 -> 0.1487308 | M8: =+'2. 손익계산서'!L8/1000000 -> 0 | N8: =+'2. 손익계산서'!M8 -> 0 | O8: =+'2. 손익계산서'!N8 -> 0 | P8: =+'2. 손익계산서'!O8 -> 0 | Z8: =M8-K8 -> -268.009 | AA8: =M8-I8 -> 0
C9: 부품 | D9: =+'2. 손익계산서'!C9/1000000 -> 22049.85 | E9: =+'2. 손익계산서'!D9 -> 0 | F9: =+'2. 손익계산서'!E9/1000000 -> 1533.9647 | G9: =+'2. 손익계산서'!F9/1000000 -> 0 | H9: =+'2. 손익계산서'!G9 -> 0 | I9: =+'2. 손익계산서'!H9/1000000 -> 0 | J9: =+'2. 손익계산서'!I9 -> 0 | K9: =+'2. 손익계산서'!J9/1000000 -> 1533.9647 | L9: =+'2. 손익계산서'!K9 -> 0.8512692 | M9: =+'2. 손익계산서'!L9/1000000 -> 0 | N9: =+'2. 손익계산서'!M9 -> 0 | O9: =+'2. 손익계산서'!N9 -> 0 | P9: =+'2. 손익계산서'!O9 -> 0 | Z9: =M9-K9 -> -1533.9647 | AA9: =M9-I9 -> 0
C10: 기타 | D10: =+'2. 손익계산서'!C10/1000000 -> 16389.558 | E10: =+'2. 손익계산서'!D10 -> 0 | F10: =+'2. 손익계산서'!E10/1000000 -> 0 | G10: =+'2. 손익계산서'!F10/1000000 -> 0 | H10: =+'2. 손익계산서'!G10 -> 0 | I10: =+'2. 손익계산서'!H10/1000000 -> 0 | J10: =+'2. 손익계산서'!I10 -> 0 | K10: =+'2. 손익계산서'!J10/1000000 -> 0 | L10: =+'2. 손익계산서'!K10 -> 0 | M10: =+'2. 손익계산서'!L10/1000000 -> 0 | N10: =+'2. 손익계산서'!M10 -> 0 | O10: =+'2. 손익계산서'!N10 -> 0 | P10: =+'2. 손익계산서'!O10 -> 0 | Z10: =M10-K10 -> 0 | AA10: =M10-I10 -> 0
C11: Ⅱ. 매출원가 | D11: =+'2. 손익계산서'!C11/1000000 -> 40951.464 | E11: =+'2. 손익계산서'!D11 -> 0 | F11: =+'2. 손익계산서'!E11/1000000 -> 1646.3422 | G11: =+'2. 손익계산서'!F11/1000000 -> 0 | H11: =+'2. 손익계산서'!G11 -> 0 | I11: =+'2. 손익계산서'!H11/1000000 -> 0 | J11: =+'2. 손익계산서'!I11 -> 0 | K11: =+'2. 손익계산서'!J11/1000000 -> 1646.3422 | L11: =+'2. 손익계산서'!K11 -> 0.91363274 | M11: =+'2. 손익계산서'!L11/1000000 -> 0 | N11: =+'2. 손익계산서'!M11 -> 0 | O11: =+'2. 손익계산서'!N11 -> 0 | P11: =+'2. 손익계산서'!O11 -> 0
C12: W/H | D12: =+'2. 손익계산서'!C12/1000000 -> 0 | E12: =+'2. 손익계산서'!D12 -> 0 | F12: =+'2. 손익계산서'!E12/1000000 -> 0 | G12: =+'2. 손익계산서'!F12/1000000 -> 0 | H12: =+'2. 손익계산서'!G12 -> 0 | I12: =+'2. 손익계산서'!H12/1000000 -> 0 | J12: =+'2. 손익계산서'!I12 -> 0 | K12: =+'2. 손익계산서'!J12/1000000 -> 0 | L12: =+IFERROR(K12/K7,) -> 0 | M12: =+'2. 손익계산서'!L12/1000000 -> 0 | N12: =+IFERROR(M12/M7,) -> 0 | O12: =+'2. 손익계산서'!N12 -> 0 | P12: =+'2. 손익계산서'!O12 -> 0 | R12: =(I9)*95%-(I14) -> 0 | S12: =+R12/(I14) -> #DIV/0! | T12: =K7-K12 -> 0 | U12: =M7-M12 -> 0 | W12: =+I7-I12 -> 0
C13: 상품 | D13: =+'2. 손익계산서'!C13/1000000 -> 5125.883 | E13: =+'2. 손익계산서'!D13 -> 0 | F13: =+'2. 손익계산서'!E13/1000000 -> 154.7585 | G13: =+'2. 손익계산서'!F13/1000000 -> 0 | H13: =+'2. 손익계산서'!G13 -> 0 | I13: =+'2. 손익계산서'!H13/1000000 -> 0 | J13: =+'2. 손익계산서'!I13 -> 0 | K13: =+'2. 손익계산서'!J13/1000000 -> 154.7585 | L13: =+IFERROR(K13/K8,) -> 0.5774377 | M13: =+'2. 손익계산서'!L13/1000000 -> 0 | N13: =+IFERROR(M13/M8,) -> 0 | O13: =+'2. 손익계산서'!N13 -> 0 | P13: =+'2. 손익계산서'!O13 -> 0 | R13: =(M9)*95%-(M14) -> 0 | S13: =+R13/(M14) -> #DIV/0! | T13: =K8-K13 -> 113.2505 | U13: =M8-M13 -> 0 | W13: =+I8-I13 -> 0
C14: 부품 | D14: =+'2. 손익계산서'!C14/1000000 -> 21403.973 | E14: =+'2. 손익계산서'!D14 -> 0 | F14: =+'2. 손익계산서'!E14/1000000 -> 1489.1561 | G14: =+'2. 손익계산서'!F14/1000000 -> 0 | H14: =+'2. 손익계산서'!G14 -> 0 | I14: =+'2. 손익계산서'!H14/1000000 -> 0 | J14: =+'2. 손익계산서'!I14 -> #DIV/0! | K14: =+'2. 손익계산서'!J14/1000000 -> 1489.1561 | L14: =+IFERROR(K14/K9,) -> 0.97078902 | M14: =+'2. 손익계산서'!L14/1000000 -> 0 | N14: =+IFERROR(M14/M9,) -> 0 | O14: =+'2. 손익계산서'!N14 -> 0 | P14: =+'2. 손익계산서'!O14 -> 0 | T14: =K9-K14 -> 44.808614 | U14: =M9-M14 -> 0 | W14: =+I9-I14 -> 0
C15: 기타 | D15: =+'2. 손익계산서'!C15/1000000 -> 14421.608 | E15: =+'2. 손익계산서'!D15 -> 0 | F15: =+'2. 손익계산서'!E15/1000000 -> 2.4275724 | G15: =+'2. 손익계산서'!F15/1000000 -> 0 | H15: =+'2. 손익계산서'!G15 -> 0 | I15: =+'2. 손익계산서'!H15/1000000 -> 0 | J15: =+'2. 손익계산서'!I15 -> #DIV/0! | K15: =+'2. 손익계산서'!J15/1000000 -> 2.4275724 | L15: =+IFERROR(K15/K10,) -> 0 | M15: =+'2. 손익계산서'!L15/1000000 -> 0 | N15: =+IFERROR(M15/M10,) -> 0 | O15: =+'2. 손익계산서'!N15 -> 0 | P15: =+'2. 손익계산서'!O15 -> 0 | T15: =K10-K15 -> -2.4275724 | U15: =M10-M15 -> 0 | V15: =+U15-T15 -> 2.4275724 | W15: =+I10-I15 -> 0 | X15: =+U15-W15 -> 0
C16: Ⅲ. 매출총이익 | D16: =+'2. 손익계산서'!C16/1000000 -> 6547.1122 | E16: =+'2. 손익계산서'!D16 -> 0 | F16: =+'2. 손익계산서'!E16/1000000 -> 155.63154 | G16: =+'2. 손익계산서'!F16/1000000 -> 0 | H16: =+'2. 손익계산서'!G16 -> 0 | I16: =+'2. 손익계산서'!H16/1000000 -> 0 | J16: =+'2. 손익계산서'!I16 -> 0 | K16: =+'2. 손익계산서'!J16/1000000 -> 155.63154 | L16: =+'2. 손익계산서'!K16 -> 0.086367264 | M16: =+'2. 손익계산서'!L16/1000000 -> 0 | N16: =+'2. 손익계산서'!M16 -> 0 | O16: =+'2. 손익계산서'!N16 -> - | P16: =+'2. 손익계산서'!O16 -> 0 | V16: 계획비 | X16: 전월비
C17: (이익률) | D17: =+'2. 손익계산서'!C17 -> 0.13783807 | F17: =+'2. 손익계산서'!E17 -> 0.086367264 | G17: =+'2. 손익계산서'!F17 -> 0 | I17: =+'2. 손익계산서'!H17 -> 0 | K17: =+'2. 손익계산서'!J17 -> 0.086367264 | M17: =+'2. 손익계산서'!L17 -> 0 | R17: 계획 | S17: =+M22-K22 -> 1212.2964
C18: Ⅳ.판매관리비 | D18: =+'2. 손익계산서'!C18/1000000 -> 16095.021 | E18: =+'2. 손익계산서'!D18 -> 0 | F18: =+'2. 손익계산서'!E18/1000000 -> 1367.928 | G18: =+'2. 손익계산서'!F18/1000000 -> 0 | H18: =+'2. 손익계산서'!G18 -> 0 | I18: =+'2. 손익계산서'!H18/1000000 -> 0 | J18: =+'2. 손익계산서'!I18 -> 0 | K18: =+'2. 손익계산서'!J18/1000000 -> 1367.928 | L18: =+'2. 손익계산서'!K18 -> 0.75912758 | M18: =+'2. 손익계산서'!L18/1000000 -> 0 | N18: =+'2. 손익계산서'!M18 -> 0 | O18: =+'2. 손익계산서'!N18 -> 0 | P18: =+'2. 손익계산서'!O18 -> 0 | R18: 전월 | S18: =+M22-I22 -> 0
C19: [판매비] | D19: =+'2. 손익계산서'!C19/1000000 -> 1617.6997 | E19: =+'2. 손익계산서'!D19 -> 0 | F19: =+'2. 손익계산서'!E19/1000000 -> 141.5064 | G19: =+'2. 손익계산서'!F19/1000000 -> 0 | H19: =+'2. 손익계산서'!G19 -> 0 | I19: =+'2. 손익계산서'!H19/1000000 -> 0 | J19: =+'2. 손익계산서'!I19 -> 0 | K19: =+'2. 손익계산서'!J19/1000000 -> 141.5064 | L19: =+'2. 손익계산서'!K19 -> 0.07852856 | M19: =+'2. 손익계산서'!L19/1000000 -> 0 | N19: =+'2. 손익계산서'!M19 -> 0 | O19: =+'2. 손익계산서'!N19 -> 0 | P19: =+'2. 손익계산서'!O19 -> 0
C20: [관리비] | D20: =+'2. 손익계산서'!C35/1000000 -> 8903.3639 | E20: =+'2. 손익계산서'!D35 -> 0 | F20: =+'2. 손익계산서'!E35/1000000 -> 731.65943 | G20: =+'2. 손익계산서'!F35/1000000 -> 0 | H20: =+'2. 손익계산서'!G35 -> 0 | I20: =+'2. 손익계산서'!H35/1000000 -> 0 | J20: =+'2. 손익계산서'!I35 -> 0 | K20: =+'2. 손익계산서'!J35/1000000 -> 731.65943 | L20: =+'2. 손익계산서'!K35 -> 0.40603224 | M20: =+'2. 손익계산서'!L35/1000000 -> 0 | N20: =+'2. 손익계산서'!M35 -> 0 | O20: =+'2. 손익계산서'!N35 -> 0 | P20: =+'2. 손익계산서'!O35 -> 0
C21: [연구개발비] | D21: =+'2. 손익계산서'!C53/1000000 -> 5573.9576 | E21: =+'2. 손익계산서'!D53 -> 0 | F21: =+'2. 손익계산서'!E53/1000000 -> 494.76213 | G21: =+'2. 손익계산서'!F53/1000000 -> 0 | H21: =+'2. 손익계산서'!G53 -> 0 | I21: =+'2. 손익계산서'!H53/1000000 -> 0 | J21: =+'2. 손익계산서'!I53 -> 0 | K21: =+'2. 손익계산서'!J53/1000000 -> 494.76213 | L21: =+'2. 손익계산서'!K53 -> 0.27456678 | M21: =+'2. 손익계산서'!L53/1000000 -> 0 | N21: =+'2. 손익계산서'!M53 -> 0 | O21: =+'2. 손익계산서'!N53 -> 0 | P21: =+'2. 손익계산서'!O53 -> 0 | R21: 인건비
C22: Ⅴ.영업이익 | D22: =+'2. 손익계산서'!C68/1000000 -> -9547.9091 | F22: =+'2. 손익계산서'!E68/1000000 -> -1212.2964 | G22: =+'2. 손익계산서'!F68/1000000 -> 0 | I22: =+'2. 손익계산서'!H68/1000000 -> 0 | J22: =+'2. 손익계산서'!I68 -> 0 | K22: =+'2. 손익계산서'!J68/1000000 -> -1212.2964 | L22: =+'2. 손익계산서'!K68 -> -0.67276031 | M22: =+'2. 손익계산서'!L68/1000000 -> 0 | N22: =+'2. 손익계산서'!M68 -> 0 | O22: =+'2. 손익계산서'!N68 -> - | P22: =+'2. 손익계산서'!O68 -> - | R22: 해외출장비 | Z22: =M22-K22 -> 1212.2964 | AA22: =M22-I22 -> 0
C23: (이익률) | D23: =+'2. 손익계산서'!C69 -> -0.20101464 | F23: =+'2. 손익계산서'!E69 -> -0.67276031 | G23: =+'2. 손익계산서'!F69 -> 0 | I23: =+'2. 손익계산서'!H69 -> 0 | K23: =+'2. 손익계산서'!J69 -> -0.67276031 | M23: =+'2. 손익계산서'!L69 -> 0 | R23: 시험/평가비
R24: 용역
C25: 구 분 | D25: 2025년 계 획 | E25: 년계획 진척률 | F25: 누 계 계 획 | G25: 누계 실적 | H25: 달성률 | I25: 전 월 실 적 | J25: 원 가 구성비 | K25: 당 월 계 획 | L25: 원 가 구성비 | M25: 당 월 실 적 | N25: 원 가 구성비 | O25: 전 월 대 비 | P25: 계 획 대 비
C26: Ⅰ. 재료비
C27: Ⅱ. 노무비
C28: Ⅲ. 경비
C29: Ⅳ. 당기총제조비용
C30: Ⅴ. 당기제품제조원가
C31: ▣ 관리지표
C32: 항공운송비
C33: 컨테이너 효율
C34: 품질비용(대체출고) | D34: - | I34: 3.2 | K34: - | M34: 3.2
C35: ▣ 당월 주요 손익증감 내역
C36: - 해외법인 부품 C/C | D36: -
C37: - 제품폐기 | D37: -
C38: - 기타매출 이익 | D38: - | I38: =I10-I15 -> 0 | K38: =+K10-K15 -> -2.4275724 | M38: =+M10-M15 -> 0
C39: - 운반비 | D39: - | I39: ='2. 손익계산서'!H24/1000000 -> 0 | M39: ='2. 손익계산서'!L24/1000000 -> 0

Sheet 2. 손익계산서
B3: Plofit and Loss statement FY 2026
B4: MONTH | C4: 1 | O4: (단위:원)
B5: 구 분 | C5: 2026년 계 획 | D5: 년계획 진척률 | E5: 누 계 계 획 | F5: 누 계 실 적 | G5: 달성률 | H5: 전 월 실 적 | I5: 매 출 구성비 | J5: 당 월 계 획 | K5: 매 출 구성비 | L5: 당 월 실 적 | M5: 매 출 구성비 | N5: 전 월 대 비 | O5: 계 획 대 비
B6: Ⅰ. 매출액 | C6: =+'(계획)손익계산서 월별계획'!C6 -> 4.7498576e+10 | D6: =+IFERROR(F6/C6,) -> 0 | E6: =SUM(E7:E10) -> 1.8019737e+09 | F6: =SUM(F7:F10) -> 0 | G6: =+IFERROR(F6/E6,) -> 0 | H6: =SUM(H7:H10) -> 0 | I6: =+IFERROR(H6/$H$6,) -> 0 | J6: =SUM(J7:J10) -> 1.8019737e+09 | K6: =+IFERROR(J6/$J$6,) -> 1 | L6: =SUM(L7:L10) -> 0 | M6: =+IFERROR(L6/$L$6,) -> 0 | N6: =+IFERROR(L6/H6,) -> 0 | O6: =+IFERROR(L6/J6,) -> 0 | Q6: 당월실적 | S6: 당월계획 | U6: 전월실적
B7: W/H | C7: =+'(계획)손익계산서 월별계획'!C7 -> 0 | D7: =+IFERROR(F7/C7,) -> 0 | E7: =SUM('(계획)손익계산서 월별계획'!E7:OFFSET('(계획)손익계산서 월별계획'!E7,0,$C$4-1)) -> 0 | F7: =SUM('3. 손익계산서 월별실적'!E7:OFFSET('3. 손익계산서 월별실적'!E7,0,$C$4-1)) -> 0 | G7: =+IFERROR(F7/E7,) -> 0 | H7: =OFFSET('3. 손익계산서 월별실적'!E7,0,$C$4-2) -> 0 | I7: =+IFERROR(H7/$H$6,) -> 0 | J7: =OFFSET('(계획)손익계산서 월별계획'!E7,0,$C$4-1) -> 0 | K7: =+IFERROR(J7/$J$6,) -> 0 | L7: =OFFSET('3. 손익계산서 월별실적'!E7,0,$C$4-1) -> 0 | M7: =+IFERROR(L7/$L$6,) -> 0 | N7: =+IFERROR(L7/H7,) -> 0 | O7: =+IFERROR(L7/J7,) -> 0 | S7: =+Q8-S8 -> -113250500 | U7: =+Q8-U8 -> 0
B8: 상품 | C8: =+'(계획)손익계산서 월별계획'!C8 -> 9059168350 | D8: =+IFERROR(F8/C8,) -> 0 | E8: =SUM('(계획)손익계산서 월별계획'!E8:OFFSET('(계획)손익계산서 월별계획'!E8,0,$C$4-1)) -> 268009000 | F8: =SUM('3. 손익계산서 월별실적'!E8:OFFSET('3. 손익계산서 월별실적'!E8,0,$C$4-1)) -> 0 | G8: =+IFERROR(F8/E8,) -> 0 | H8: =OFFSET('3. 손익계산서 월별실적'!E8,0,$C$4-2) -> 0 | I8: =+IFERROR(H8/$H$6,) -> 0 | J8: =OFFSET('(계획)손익계산서 월별계획'!E8,0,$C$4-1) -> 268009000 | K8: =+IFERROR(J8/$J$6,) -> 0.1487308 | L8: =OFFSET('3. 손익계산서 월별실적'!E8,0,$C$4-1) -> 0 | M8: =+IFERROR(L8/$L$6,) -> 0 | N8: =+IFERROR(L8/H8,) -> 0 | O8: =+IFERROR(L8/J8,) -> 0 | Q8: =+L8-L13 -> 0 | R8: =+Q8/L8 -> #DIV/0! | S8: =+J8-J13 -> 113250500 | T8: =+S8/J8 -> 0.4225623 | U8: =+H8-H13 -> 0 | V8: =+U8/H8 -> #DIV/0!
B9: 부품 | C9: =+'(계획)손익계산서 월별계획'!C9 -> 2.204985e+10 | D9: =+IFERROR(F9/C9,) -> 0 | E9: =SUM('(계획)손익계산서 월별계획'!E9:OFFSET('(계획)손익계산서 월별계획'!E9,0,$C$4-1)) -> 1.5339647e+09 | F9: =SUM('3. 손익계산서 월별실적'!E9:OFFSET('3. 손익계산서 월별실적'!E9,0,$C$4-1)) -> 0 | G9: =+IFERROR(F9/E9,) -> 0 | H9: =OFFSET('3. 손익계산서 월별실적'!E9,0,$C$4-2) -> 0 | I9: =+IFERROR(H9/$H$6,) -> 0 | J9: =OFFSET('(계획)손익계산서 월별계획'!E9,0,$C$4-1) -> 1.5339647e+09 | K9: =+IFERROR(J9/$J$6,) -> 0.8512692 | L9: =OFFSET('3. 손익계산서 월별실적'!E9,0,$C$4-1) -> 0 | M9: =+IFERROR(L9/$L$6,) -> 0 | N9: =+IFERROR(L9/H9,) -> 0 | O9: =+IFERROR(L9/J9,) -> 0 | Q9: =+L9-L14 -> 0 | R9: =+Q9/L9 -> #DIV/0! | S9: =+J9-J14 -> 44808614 | T9: =+S9/J9 -> 0.02921098 | U9: =+H9-H14 -> 0 | V9: =+U9/H9 -> #DIV/0!
B10: 기타 | C10: =+'(계획)손익계산서 월별계획'!C10 -> 16389558229 | D10: =+IFERROR(F10/C10,) -> 0 | E10: =SUM('(계획)손익계산서 월별계획'!E10:OFFSET('(계획)손익계산서 월별계획'!E10,0,$C$4-1)) -> 0 | F10: =SUM('3. 손익계산서 월별실적'!E10:OFFSET('3. 손익계산서 월별실적'!E10,0,$C$4-1)) -> 0 | G10: =+IFERROR(F10/E10,) -> 0 | H10: =OFFSET('3. 손익계산서 월별실적'!E10,0,$C$4-2) -> 0 | I10: =+IFERROR(H10/$H$6,) -> 0 | J10: =OFFSET('(계획)손익계산서 월별계획'!E10,0,$C$4-1) -> 0 | K10: =+IFERROR(J10/$J$6,) -> 0 | L10: =OFFSET('3. 손익계산서 월별실적'!E10,0,$C$4-1) -> 0 | M10: =+IFERROR(L10/$L$6,) -> 0 | N10: =+IFERROR(L10/H10,) -> 0 | O10: =+IFERROR(L10/J10,) -> 0 | Q10: =+L10-L15 -> 0 | R10: =+Q10/L10 -> #DIV/0! | S10: =+J10-J15 -> -2427572.4 | T10: =+S10/J10 -> #DIV/0! | U10: =+H10-H15 -> 0 | V10: =+U10/H10 -> #DIV/0!
B11: Ⅱ. 매출원가 | C11: =+'(계획)손익계산서 월별계획'!C11 -> 4.0951464e+10 | D11: =+IFERROR(F11/C11,) -> 0 | E11: =SUM(E12:E15) -> 1.6463422e+09 | F11: =SUM(F12:F15) -> 0 | G11: =+IFERROR(F11/E11,) -> 0 | H11: =SUM(H12:H15) -> 0 | I11: =+IFERROR(H11/$H$6,) -> 0 | J11: =SUM(J12:J15) -> 1.6463422e+09 | K11: =+IFERROR(J11/$J$6,) -> 0.91363274 | L11: =SUM(L12:L15) -> 0 | M11: =+IFERROR(L11/$L$6,) -> 0 | N11: =+IFERROR(L11/H11,) -> 0 | O11: =+IFERROR(L11/J11,) -> 0 | S11: =+Q10-S10 -> 2427572.4 | U11: =+Q10-U10 -> 0
B12: W/H | C12: =+'(계획)손익계산서 월별계획'!C12 -> 0 | D12: =+IFERROR(F12/C12,) -> 0 | E12: =SUM('(계획)손익계산서 월별계획'!E12:OFFSET('(계획)손익계산서 월별계획'!E12,0,$C$4-1)) -> 0 | F12: =SUM('3. 손익계산서 월별실적'!E12:OFFSET('3. 손익계산서 월별실적'!E12,0,$C$4-1)) -> 0 | G12: =+IFERROR(F12/E12,) -> 0 | H12: =OFFSET('3. 손익계산서 월별실적'!E12,0,$C$4-2) -> 0 | I12: =IFERROR(H12/H7,0) -> 0 | J12: =OFFSET('(계획)손익계산서 월별계획'!E12,0,$C$4-1) -> 0 | K12: =IFERROR(J12/J7,0) -> 0 | L12: =OFFSET('3. 손익계산서 월별실적'!E12,0,$C$4-1) -> 0 | M12: =IFERROR(L12/L7,0) -> 0 | N12: =+IFERROR(L12/H12,) -> 0 | O12: =+IFERROR(L12/J12,) -> 0
B13: 상품 | C13: =+'(계획)손익계산서 월별계획'!C13 -> 5125883039 | D13: =+IFERROR(F13/C13,) -> 0 | E13: =SUM('(계획)손익계산서 월별계획'!E13:OFFSET('(계획)손익계산서 월별계획'!E13,0,$C$4-1)) -> 154758500 | F13: =SUM('3. 손익계산서 월별실적'!E13:OFFSET('3. 손익계산서 월별실적'!E13,0,$C$4-1)) -> 0 | G13: =+IFERROR(F13/E13,) -> 0 | H13: =OFFSET('3. 손익계산서 월별실적'!E13,0,$C$4-2) -> 0 | I13: =IFERROR(H13/H8,0) -> 0 | J13: =OFFSET('(계획)손익계산서 월별계획'!E13,0,$C$4-1) -> 154758500 | K13: =+J13/J8 -> 0.5774377 | L13: =OFFSET('3. 손익계산서 월별실적'!E13,0,$C$4-1) -> 0 | M13: =IFERROR(L13/L8,0) -> 0 | N13: =+IFERROR(L13/H13,) -> 0 | O13: =+IFERROR(L13/J13,) -> 0
B14: 부품 | C14: =+'(계획)손익계산서 월별계획'!C14 -> 2.1403973e+10 | D14: =+IFERROR(F14/C14,) -> 0 | E14: =SUM('(계획)손익계산서 월별계획'!E14:OFFSET('(계획)손익계산서 월별계획'!E14,0,$C$4-1)) -> 1.4891561e+09 | F14: =SUM('3. 손익계산서 월별실적'!E14:OFFSET('3. 손익계산서 월별실적'!E14,0,$C$4-1)) -> 0 | G14: =+IFERROR(F14/E14,) -> 0 | H14: =OFFSET('3. 손익계산서 월별실적'!E14,0,$C$4-2) -> 0 | I14: =+H14/H9 -> #DIV/0! | J14: =OFFSET('(계획)손익계산서 월별계획'!E14,0,$C$4-1) -> 1.4891561e+09 | K14: =+J14/J9 -> 0.97078902 | L14: =OFFSET('3. 손익계산서 월별실적'!E14,0,$C$4-1) -> 0 | M14: =+L14/L9 -> #DIV/0! | N14: =+IFERROR(L14/H14,) -> 0 | O14: =+IFERROR(L14/J14,) -> 0
B15: 기타 | C15: =+'(계획)손익계산서 월별계획'!C15 -> 1.4421608e+10 | D15: =+IFERROR(F15/C15,) -> 0 | E15: =SUM('(계획)손익계산서 월별계획'!E15:OFFSET('(계획)손익계산서 월별계획'!E15,0,$C$4-1)) -> 2427572.4 | F15: =SUM('3. 손익계산서 월별실적'!E15:OFFSET('3. 손익계산서 월별실적'!E15,0,$C$4-1)) -> 0 | G15: =+IFERROR(F15/E15,) -> 0 | H15: =OFFSET('3. 손익계산서 월별실적'!E15,0,$C$4-2) -> 0 | I15: =+H15/H10 -> #DIV/0! | J15: =OFFSET('(계획)손익계산서 월별계획'!E15,0,$C$4-1) -> 2427572.4 | K15: =+J15/J10 -> #DIV/0! | L15: =OFFSET('3. 손익계산서 월별실적'!E15,0,$C$4-1) -> 0 | M15: =+L15/L10 -> #DIV/0! | N15: =+IFERROR(L15/H15,) -> 0 | O15: =+IFERROR(L15/J15,) -> 0
B16: Ⅲ. 매출총이익 | C16: =+'(계획)손익계산서 월별계획'!C16 -> 6.5471122e+09 | D16: =+IFERROR(F16/C16,) -> 0 | E16: =+E6-E11 -> 1.5563154e+08 | F16: =+F6-F11 -> 0 | G16: =+IFERROR(F16/E16,) -> 0 | H16: =+H6-H11 -> 0 | I16: =+IFERROR(H16/$H$6,) -> 0 | J16: =+J6-J11 -> 1.5563154e+08 | K16: =+IFERROR(J16/$J$6,) -> 0.086367264 | L16: =+L6-L11 -> 0 | M16: =+IFERROR(L16/$L$6,) -> 0 | N16: =+IF(AND(H16>0,L16>0),L16/H16,"-") -> - | O16: =+IF(AND(J16>0,N16>0),L16/J16,"-") -> 0
B17: (이익률) | C17: =+'(계획)손익계산서 월별계획'!C17 -> 0.13783807 | E17: =+IFERROR(E16/E6,) -> 0.086367264 | F17: =+IFERROR(F16/F6,) -> 0 | H17: =+IFERROR(H16/H6,) -> 0 | J17: =+IFERROR(J16/J6,) -> 0.086367264 | L17: =+IFERROR(L16/L6,) -> 0
B18: Ⅳ.판매관리비 | C18: =+'(계획)손익계산서 월별계획'!C18 -> 1.6095021e+10 | D18: =+IFERROR(F18/C18,) -> 0 | E18: =+E19+E35+E53 -> 1.367928e+09 | F18: =+F19+F35+F53 -> 0 | G18: =+IFERROR(F18/E18,) -> 0 | H18: =+H19+H35+H53 -> 0 | I18: =+IFERROR(H18/$L$6,) -> 0 | J18: =+J19+J35+J53 -> 1.367928e+09 | K18: =+IFERROR(J18/$J$6,) -> 0.75912758 | L18: =+L19+L35+L53 -> 0 | M18: =+IFERROR(L18/$L$6,) -> 0 | N18: =+IFERROR(L18/H18,) -> 0 | O18: =+IFERROR(L18/J18,) -> 0 | Q18: =+L18-J18 -> -1.367928e+09 | R18: =+L18-H18 -> 0
B19: [판매비] | C19: =+'(계획)손익계산서 월별계획'!C19 -> 1.6176997e+09 | D19: =+IFERROR(F19/C19,) -> 0 | E19: =SUM(E20:E34) -> 1.415064e+08 | F19: =SUM(F20:F34) -> 0 | G19: =+IFERROR(F19/E19,) -> 0 | H19: =SUM(H20:H34) -> 0 | I19: =+IFERROR(H19/$H$6,) -> 0 | J19: =SUM(J20:J34) -> 1.415064e+08 | K19: =+IFERROR(J19/$J$6,) -> 0.07852856 | L19: =SUM(L20:L34) -> 0 | M19: =+IFERROR(L19/$L$6,) -> 0 | N19: =+IFERROR(L19/H19,) -> 0 | O19: =+IFERROR(L19/J19,) -> 0 | R19: 누계 계획 | S19: 누계 실적
B20: 인건비 | C20: =+'(계획)손익계산서 월별계획'!C20 -> 7.1526467e+08 | D20: =+IFERROR(F20/C20,) -> 0 | E20: =SUM('(계획)손익계산서 월별계획'!E20:OFFSET('(계획)손익계산서 월별계획'!E20,0,$C$4-1)) -> 56724044 | F20: =SUM('3. 손익계산서 월별실적'!E20:OFFSET('3. 손익계산서 월별실적'!E20,0,$C$4-1)) -> 0 | G20: =+IFERROR(F20/E20,) -> 0 | H20: =OFFSET('3. 손익계산서 월별실적'!E20,0,$C$4-2) -> 0 | I20: =+IFERROR(H20/$H$6,) -> 0 | J20: =OFFSET('(계획)손익계산서 월별계획'!E20,0,$C$4-1) -> 56724044 | K20: =+IFERROR(J20/$J$6,) -> 0.03147884 | L20: =OFFSET('3. 손익계산서 월별실적'!E20,0,$C$4-1) -> 0 | M20: =+IFERROR(L20/$L$6,) -> 0 | N20: =+IFERROR(L20/H20,) -> 0 | O20: =+IFERROR(L20/J20,) -> 0 | Q20: 인건비 | R20: =+E20+E36+E54 -> 6.9951538e+08 | S20: =+F20+F36+F54 -> 0 | T20: =+S20/R20 -> 0
B21: 유지비용 | C21: =+'(계획)손익계산서 월별계획'!C21 -> 12041448 | D21: =+IFERROR(F21/C21,) -> 0 | E21: =SUM('(계획)손익계산서 월별계획'!E21:OFFSET('(계획)손익계산서 월별계획'!E21,0,$C$4-1)) -> 1003454 | F21: =SUM('3. 손익계산서 월별실적'!E21:OFFSET('3. 손익계산서 월별실적'!E21,0,$C$4-1)) -> 0 | G21: =+IFERROR(F21/E21,) -> 0 | H21: =OFFSET('3. 손익계산서 월별실적'!E21,0,$C$4-2) -> 0 | I21: =+IFERROR(H21/$H$6,) -> 0 | J21: =OFFSET('(계획)손익계산서 월별계획'!E21,0,$C$4-1) -> 1003454 | K21: =+IFERROR(J21/$J$6,) -> 0.00055686383 | L21: =OFFSET('3. 손익계산서 월별실적'!E21,0,$C$4-1) -> 0 | M21: =+IFERROR(L21/$L$6,) -> 0 | N21: =+IFERROR(L21/H21,) -> 0 | O21: =+IFERROR(L21/J21,) -> 0 | Q21: 지급수수료비 | R21: =SUM(E27,E43,E61) -> 1.6637885e+08 | S21: =SUM(F27,F43,F61) -> 0 | T21: =+S21/R21 -> 0
B22: 세금,보험 | C22: =+'(계획)손익계산서 월별계획'!C22 -> 60201580 | D22: =+IFERROR(F22/C22,) -> 0 | E22: =SUM('(계획)손익계산서 월별계획'!E22:OFFSET('(계획)손익계산서 월별계획'!E22,0,$C$4-1)) -> 4668588 | F22: =SUM('3. 손익계산서 월별실적'!E22:OFFSET('3. 손익계산서 월별실적'!E22,0,$C$4-1)) -> 0 | G22: =+IFERROR(F22/E22,) -> 0 | H22: =OFFSET('3. 손익계산서 월별실적'!E22,0,$C$4-2) -> 0 | I22: =+IFERROR(H22/$H$6,) -> 0 | J22: =OFFSET('(계획)손익계산서 월별계획'!E22,0,$C$4-1) -> 4668588 | K22: =+IFERROR(J22/$J$6,) -> 0.0025908191 | L22: =OFFSET('3. 손익계산서 월별실적'!E22,0,$C$4-1) -> 0 | M22: =+IFERROR(L22/$L$6,) -> 0 | N22: =+IFERROR(L22/H22,) -> 0 | O22: =+IFERROR(L22/J22,) -> 0 | Q22: 개발비 | R22: =SUM(E30,E46,E64) -> 165990000 | S22: =SUM(F30,F46,F64) -> 0 | T22: =+S22/R22 -> 0
B23: 복리후생비 | C23: =+'(계획)손익계산서 월별계획'!C23 -> 60289269 | D23: =+IFERROR(F23/C23,) -> 0 | E23: =SUM('(계획)손익계산서 월별계획'!E23:OFFSET('(계획)손익계산서 월별계획'!E23,0,$C$4-1)) -> 2095697.4 | F23: =SUM('3. 손익계산서 월별실적'!E23:OFFSET('3. 손익계산서 월별실적'!E23,0,$C$4-1)) -> 0 | G23: =+IFERROR(F23/E23,) -> 0 | H23: =OFFSET('3. 손익계산서 월별실적'!E23,0,$C$4-2) -> 0 | I23: =+IFERROR(H23/$H$6,) -> 0 | J23: =OFFSET('(계획)손익계산서 월별계획'!E23,0,$C$4-1) -> 2095697.4 | K23: =+IFERROR(J23/$J$6,) -> 0.0011630011 | L23: =OFFSET('3. 손익계산서 월별실적'!E23,0,$C$4-1) -> 0 | M23: =+IFERROR(L23/$L$6,) -> 0 | N23: =+IFERROR(L23/H23,) -> 0 | O23: =+IFERROR(L23/J23,) -> 0
B24: 운반비 | C24: =+'(계획)손익계산서 월별계획'!C24 -> 6.2254697e+08 | D24: =+IFERROR(F24/C24,) -> 0 | E24: =SUM('(계획)손익계산서 월별계획'!E24:OFFSET('(계획)손익계산서 월별계획'!E24,0,$C$4-1)) -> 64761640 | F24: =SUM('3. 손익계산서 월별실적'!E24:OFFSET('3. 손익계산서 월별실적'!E24,0,$C$4-1)) -> 0 | G24: =+IFERROR(F24/E24,) -> 0 | H24: =OFFSET('3. 손익계산서 월별실적'!E24,0,$C$4-2) -> 0 | I24: =+IFERROR(H24/$H$6,) -> 0 | J24: =OFFSET('(계획)손익계산서 월별계획'!E24,0,$C$4-1) -> 64761640 | K24: =+IFERROR(J24/$J$6,) -> 0.035939281 | L24: =OFFSET('3. 손익계산서 월별실적'!E24,0,$C$4-1) -> 0 | M24: =+IFERROR(L24/$L$6,) -> 0 | N24: =+IFERROR(L24/H24,) -> 0 | O24: =+IFERROR(L24/J24,) -> 0
B25: 포장비 | C25: =+'(계획)손익계산서 월별계획'!C25 -> 0 | D25: =+IFERROR(F25/C25,) -> 0 | E25: =SUM('(계획)손익계산서 월별계획'!E25:OFFSET('(계획)손익계산서 월별계획'!E25,0,$C$4-1)) -> 0 | F25: =SUM('3. 손익계산서 월별실적'!E25:OFFSET('3. 손익계산서 월별실적'!E25,0,$C$4-1)) -> 0 | G25: =+IFERROR(F25/E25,) -> 0 | H25: =OFFSET('3. 손익계산서 월별실적'!E25,0,$C$4-2) -> 0 | I25: =+IFERROR(H25/$H$6,) -> 0 | J25: =OFFSET('(계획)손익계산서 월별계획'!E25,0,$C$4-1) -> 0 | K25: =+IFERROR(J25/$J$6,) -> 0 | L25: =OFFSET('3. 손익계산서 월별실적'!E25,0,$C$4-1) -> 0 | M25: =+IFERROR(L25/$L$6,) -> 0 | N25: =+IFERROR(L25/H25,) -> 0 | O25: =+IFERROR(L25/J25,) -> 0
B26: 광고선전비 | C26: =+'(계획)손익계산서 월별계획'!C26 -> 0 | D26: =+IFERROR(F26/C26,) -> 0 | E26: =SUM('(계획)손익계산서 월별계획'!E26:OFFSET('(계획)손익계산서 월별계획'!E26,0,$C$4-1)) -> 0 | F26: =SUM('3. 손익계산서 월별실적'!E26:OFFSET('3. 손익계산서 월별실적'!E26,0,$C$4-1)) -> 0 | G26: =+IFERROR(F26/E26,) -> 0 | H26: =OFFSET('3. 손익계산서 월별실적'!E26,0,$C$4-2) -> 0 | I26: =+IFERROR(H26/$H$6,) -> 0 | J26: =OFFSET('(계획)손익계산서 월별계획'!E26,0,$C$4-1) -> 0 | K26: =+IFERROR(J26/$J$6,) -> 0 | L26: =OFFSET('3. 손익계산서 월별실적'!E26,0,$C$4-1) -> 0 | M26: =+IFERROR(L26/$L$6,) -> 0 | N26: =+IFERROR(L26/H26,) -> 0 | O26: =+IFERROR(L26/J26,) -> 0
B27: 지급수수료 | C27: =+'(계획)손익계산서 월별계획'!C27 -> 2304000 | D27: =+IFERROR(F27/C27,) -> 0 | E27: =SUM('(계획)손익계산서 월별계획'!E27:OFFSET('(계획)손익계산서 월별계획'!E27,0,$C$4-1)) -> 192000 | F27: =SUM('3. 손익계산서 월별실적'!E27:OFFSET('3. 손익계산서 월별실적'!E27,0,$C$4-1)) -> 0 | G27: =+IFERROR(F27/E27,) -> 0 | H27: =OFFSET('3. 손익계산서 월별실적'!E27,0,$C$4-2) -> 0 | I27: =+IFERROR(H27/$H$6,) -> 0 | J27: =OFFSET('(계획)손익계산서 월별계획'!E27,0,$C$4-1) -> 192000 | K27: =+IFERROR(J27/$J$6,) -> 0.00010654983 | L27: =OFFSET('3. 손익계산서 월별실적'!E27,0,$C$4-1) -> 0 | M27: =+IFERROR(L27/$L$6,) -> 0 | N27: =+IFERROR(L27/H27,) -> 0 | O27: =+IFERROR(L27/J27,) -> 0
B28: 여비교통비 | C28: =+'(계획)손익계산서 월별계획'!C28 -> 1.17625e+08 | D28: =+IFERROR(F28/C28,) -> 0 | E28: =SUM('(계획)손익계산서 월별계획'!E28:OFFSET('(계획)손익계산서 월별계획'!E28,0,$C$4-1)) -> 9802083.3 | F28: =SUM('3. 손익계산서 월별실적'!E28:OFFSET('3. 손익계산서 월별실적'!E28,0,$C$4-1)) -> 0 | G28: =+IFERROR(F28/E28,) -> 0 | H28: =OFFSET('3. 손익계산서 월별실적'!E28,0,$C$4-2) -> 0 | I28: =+IFERROR(H28/$H$6,) -> 0 | J28: =OFFSET('(계획)손익계산서 월별계획'!E28,0,$C$4-1) -> 9802083.3 | K28: =+IFERROR(J28/$J$6,) -> 0.0054396372 | L28: =OFFSET('3. 손익계산서 월별실적'!E28,0,$C$4-1) -> 0 | M28: =+IFERROR(L28/$L$6,) -> 0 | N28: =+IFERROR(L28/H28,) -> 0 | O28: =+IFERROR(L28/J28,) -> 0
B29: 감가상각비 | C29: =+'(계획)손익계산서 월별계획'!C29 -> 0 | D29: =+IFERROR(F29/C29,) -> 0 | E29: =SUM('(계획)손익계산서 월별계획'!E29:OFFSET('(계획)손익계산서 월별계획'!E29,0,$C$4-1)) -> 0 | F29: =SUM('3. 손익계산서 월별실적'!E29:OFFSET('3. 손익계산서 월별실적'!E29,0,$C$4-1)) -> 0 | G29: =+IFERROR(F29/E29,) -> 0 | H29: =OFFSET('3. 손익계산서 월별실적'!E29,0,$C$4-2) -> 0 | I29: =+IFERROR(H29/$H$6,) -> 0 | J29: =OFFSET('(계획)손익계산서 월별계획'!E29,0,$C$4-1) -> 0 | K29: =+IFERROR(J29/$J$6,) -> 0 | L29: =OFFSET('3. 손익계산서 월별실적'!E29,0,$C$4-1) -> 0 | M29: =+IFERROR(L29/$L$6,) -> 0 | N29: =+IFERROR(L29/H29,) -> 0 | O29: =+IFERROR(L29/J29,) -> 0
B30: 개발비 | C30: =+'(계획)손익계산서 월별계획'!C30 -> 0 | D30: =+IFERROR(F30/C30,) -> 0 | E30: =SUM('(계획)손익계산서 월별계획'!E30:OFFSET('(계획)손익계산서 월별계획'!E30,0,$C$4-1)) -> 0 | F30: =SUM('3. 손익계산서 월별실적'!E30:OFFSET('3. 손익계산서 월별실적'!E30,0,$C$4-1)) -> 0 | G30: =+IFERROR(F30/E30,) -> 0 | H30: =OFFSET('3. 손익계산서 월별실적'!E30,0,$C$4-2) -> 0 | I30: =+IFERROR(H30/$H$6,) -> 0 | J30: =OFFSET('(계획)손익계산서 월별계획'!E30,0,$C$4-1) -> 0 | K30: =+IFERROR(J30/$J$6,) -> 0 | L30: =OFFSET('3. 손익계산서 월별실적'!E30,0,$C$4-1) -> 0 | M30: =+IFERROR(L30/$L$6,) -> 0 | N30: =+IFERROR(L30/H30,) -> 0 | O30: =+IFERROR(L30/J30,) -> 0
B31: 충당비용 | C31: =+'(계획)손익계산서 월별계획'!C31 -> 0 | D31: =+IFERROR(F31/C31,) -> 0 | E31: =SUM('(계획)손익계산서 월별계획'!E31:OFFSET('(계획)손익계산서 월별계획'!E31,0,$C$4-1)) -> 0 | F31: =SUM('3. 손익계산서 월별실적'!E31:OFFSET('3. 손익계산서 월별실적'!E31,0,$C$4-1)) -> 0 | G31: =+IFERROR(F31/E31,) -> 0 | H31: =OFFSET('3. 손익계산서 월별실적'!E31,0,$C$4-2) -> 0 | I31: =+IFERROR(H31/$H$6,) -> 0 | J31: =OFFSET('(계획)손익계산서 월별계획'!E31,0,$C$4-1) -> 0 | K31: =+IFERROR(J31/$J$6,) -> 0 | L31: =OFFSET('3. 손익계산서 월별실적'!E31,0,$C$4-1) -> 0 | M31: =+IFERROR(L31/$L$6,) -> 0 | N31: =+IFERROR(L31/H31,) -> 0 | O31: =+IFERROR(L31/J31,) -> 0
B32: 외주비 | C32: =+'(계획)손익계산서 월별계획'!C32 -> 0 | D32: =+IFERROR(F32/C32,) -> 0 | E32: =SUM('(계획)손익계산서 월별계획'!E32:OFFSET('(계획)손익계산서 월별계획'!E32,0,$C$4-1)) -> 0 | F32: =SUM('3. 손익계산서 월별실적'!E32:OFFSET('3. 손익계산서 월별실적'!E32,0,$C$4-1)) -> 0 | G32: =+IFERROR(F32/E32,) -> 0 | H32: =OFFSET('3. 손익계산서 월별실적'!E32,0,$C$4-2) -> 0 | I32: =+IFERROR(H32/$H$6,) -> 0 | J32: =OFFSET('(계획)손익계산서 월별계획'!E32,0,$C$4-1) -> 0 | K32: =+IFERROR(J32/$J$6,) -> 0 | L32: =OFFSET('3. 손익계산서 월별실적'!E32,0,$C$4-1) -> 0 | M32: =+IFERROR(L32/$L$6,) -> 0 | N32: =+IFERROR(L32/H32,) -> 0 | O32: =+IFERROR(L32/J32,) -> 0
B33: 기타비용 | C33: =+'(계획)손익계산서 월별계획'!C33 -> 27426755 | D33: =+IFERROR(F33/C33,) -> 0 | E33: =SUM('(계획)손익계산서 월별계획'!E33:OFFSET('(계획)손익계산서 월별계획'!E33,0,$C$4-1)) -> 2258896.2 | F33: =SUM('3. 손익계산서 월별실적'!E33:OFFSET('3. 손익계산서 월별실적'!E33,0,$C$4-1)) -> 0 | G33: =+IFERROR(F33/E33,) -> 0 | H33: =OFFSET('3. 손익계산서 월별실적'!E33,0,$C$4-2) -> 0 | I33: =+IFERROR(H33/$H$6,) -> 0 | J33: =OFFSET('(계획)손익계산서 월별계획'!E33,0,$C$4-1) -> 2258896.2 | K33: =+IFERROR(J33/$J$6,) -> 0.0012535678 | L33: =OFFSET('3. 손익계산서 월별실적'!E33,0,$C$4-1) -> 0 | M33: =+IFERROR(L33/$L$6,) -> 0 | N33: =+IFERROR(L33/H33,) -> 0 | O33: =+IFERROR(L33/J33,) -> 0
B35: [관리비] | C35: =+'(계획)손익계산서 월별계획'!C35 -> 8.9033639e+09 | D35: =+IFERROR(F35/C35,) -> 0 | E35: =SUM(E36:E51) -> 7.3165943e+08 | F35: =SUM(F36:F51) -> 0 | G35: =+IFERROR(F35/E35,) -> 0 | H35: =SUM(H36:H51) -> 0 | I35: =+IFERROR(H35/$H$6,) -> 0 | J35: =SUM(J36:J51) -> 7.3165943e+08 | K35: =+IFERROR(J35/$J$6,) -> 0.40603224 | L35: =SUM(L36:L51) -> 0 | M35: =+IFERROR(L35/$L$6,) -> 0 | N35: =+IFERROR(L35/H35,) -> 0 | O35: =+IFERROR(L35/J35,) -> 0
B36: 인건비 | C36: =+'(계획)손익계산서 월별계획'!C36 -> 5.1840452e+09 | D36: =+IFERROR(F36/C36,) -> 0 | E36: =SUM('(계획)손익계산서 월별계획'!E36:OFFSET('(계획)손익계산서 월별계획'!E36,0,$C$4-1)) -> 4.0722025e+08 | F36: =SUM('3. 손익계산서 월별실적'!E36:OFFSET('3. 손익계산서 월별실적'!E36,0,$C$4-1)) -> 0 | G36: =+IFERROR(F36/E36,) -> 0 | H36: =OFFSET('3. 손익계산서 월별실적'!E36,0,$C$4-2) -> 0 | I36: =+IFERROR(H36/$H$6,) -> 0 | J36: =OFFSET('(계획)손익계산서 월별계획'!E36,0,$C$4-1) -> 4.0722025e+08 | K36: =+IFERROR(J36/$J$6,) -> 0.22598567 | L36: =OFFSET('3. 손익계산서 월별실적'!E36,0,$C$4-1) -> 0 | M36: =+IFERROR(L36/$L$6,) -> 0 | N36: =+IFERROR(L36/H36,) -> 0 | O36: =+IFERROR(L36/J36,) -> 0
B37: 유지비용 | C37: =+'(계획)손익계산서 월별계획'!C37 -> 4.4378742e+08 | D37: =+IFERROR(F37/C37,) -> 0 | E37: =SUM('(계획)손익계산서 월별계획'!E37:OFFSET('(계획)손익계산서 월별계획'!E37,0,$C$4-1)) -> 26650202 | F37: =SUM('3. 손익계산서 월별실적'!E37:OFFSET('3. 손익계산서 월별실적'!E37,0,$C$4-1)) -> 0 | G37: =+IFERROR(F37/E37,) -> 0 | H37: =OFFSET('3. 손익계산서 월별실적'!E37,0,$C$4-2) -> 0 | I37: =+IFERROR(H37/$H$6,) -> 0 | J37: =OFFSET('(계획)손익계산서 월별계획'!E37,0,$C$4-1) -> 26650202 | K37: =+IFERROR(J37/$J$6,) -> 0.014789451 | L37: =OFFSET('3. 손익계산서 월별실적'!E37,0,$C$4-1) -> 0 | M37: =+IFERROR(L37/$L$6,) -> 0 | N37: =+IFERROR(L37/H37,) -> 0 | O37: =+IFERROR(L37/J37,) -> 0
B38: 세금,보험 | C38: =+'(계획)손익계산서 월별계획'!C38 -> 4.7398803e+08 | D38: =+IFERROR(F38/C38,) -> 0 | E38: =SUM('(계획)손익계산서 월별계획'!E38:OFFSET('(계획)손익계산서 월별계획'!E38,0,$C$4-1)) -> 38314585 | F38: =SUM('3. 손익계산서 월별실적'!E38:OFFSET('3. 손익계산서 월별실적'!E38,0,$C$4-1)) -> 0 | G38: =+IFERROR(F38/E38,) -> 0 | H38: =OFFSET('3. 손익계산서 월별실적'!E38,0,$C$4-2) -> 0 | I38: =+IFERROR(H38/$H$6,) -> 0 | J38: =OFFSET('(계획)손익계산서 월별계획'!E38,0,$C$4-1) -> 38314585 | K38: =+IFERROR(J38/$J$6,) -> 0.021262566 | L38: =OFFSET('3. 손익계산서 월별실적'!E38,0,$C$4-1) -> 0 | M38: =+IFERROR(L38/$L$6,) -> 0 | N38: =+IFERROR(L38/H38,) -> 0 | O38: =+IFERROR(L38/J38,) -> 0
B39: 복리후생비 | C39: =+'(계획)손익계산서 월별계획'!C39 -> 3.7167399e+08 | D39: =+IFERROR(F39/C39,) -> 0 | E39: =SUM('(계획)손익계산서 월별계획'!E39:OFFSET('(계획)손익계산서 월별계획'!E39,0,$C$4-1)) -> 17105492 | F39: =SUM('3. 손익계산서 월별실적'!E39:OFFSET('3. 손익계산서 월별실적'!E39,0,$C$4-1)) -> 0 | G39: =+IFERROR(F39/E39,) -> 0 | H39: =OFFSET('3. 손익계산서 월별실적'!E39,0,$C$4-2) -> 0 | I39: =+IFERROR(H39/$H$6,) -> 0 | J39: =OFFSET('(계획)손익계산서 월별계획'!E39,0,$C$4-1) -> 17105492 | K39: =+IFERROR(J39/$J$6,) -> 0.0094926422 | L39: =OFFSET('3. 손익계산서 월별실적'!E39,0,$C$4-1) -> 0 | M39: =+IFERROR(L39/$L$6,) -> 0 | N39: =+IFERROR(L39/H39,) -> 0 | O39: =+IFERROR(L39/J39,) -> 0
B40: 운반비 | C40: =+'(계획)손익계산서 월별계획'!C40 -> 0 | D40: =+IFERROR(F40/C40,) -> 0 | E40: =SUM('(계획)손익계산서 월별계획'!E40:OFFSET('(계획)손익계산서 월별계획'!E40,0,$C$4-1)) -> 0 | F40: =SUM('3. 손익계산서 월별실적'!E40:OFFSET('3. 손익계산서 월별실적'!E40,0,$C$4-1)) -> 0 | G40: =+IFERROR(F40/E40,) -> 0 | H40: =OFFSET('3. 손익계산서 월별실적'!E40,0,$C$4-2) -> 0 | I40: =+IFERROR(H40/$H$6,) -> 0 | J40: =OFFSET('(계획)손익계산서 월별계획'!E40,0,$C$4-1) -> 0 | K40: =+IFERROR(J40/$J$6,) -> 0 | L40: =OFFSET('3. 손익계산서 월별실적'!E40,0,$C$4-1) -> 0 | M40: =+IFERROR(L40/$L$6,) -> 0 | N40: =+IFERROR(L40/H40,) -> 0 | O40: =+IFERROR(L40/J40,) -> 0
B41: 포장비 | C41: =+'(계획)손익계산서 월별계획'!C41 -> 0 | D41: =+IFERROR(F41/C41,) -> 0 | E41: =SUM('(계획)손익계산서 월별계획'!E41:OFFSET('(계획)손익계산서 월별계획'!E41,0,$C$4-1)) -> 0 | F41: =SUM('3. 손익계산서 월별실적'!E41:OFFSET('3. 손익계산서 월별실적'!E41,0,$C$4-1)) -> 0 | G41: =+IFERROR(F41/E41,) -> 0 | H41: =OFFSET('3. 손익계산서 월별실적'!E41,0,$C$4-2) -> 0 | I41: =+IFERROR(H41/$H$6,) -> 0 | J41: =OFFSET('(계획)손익계산서 월별계획'!E41,0,$C$4-1) -> 0 | K41: =+IFERROR(J41/$J$6,) -> 0 | L41: =OFFSET('3. 손익계산서 월별실적'!E41,0,$C$4-1) -> 0 | M41: =+IFERROR(L41/$L$6,) -> 0 | N41: =+IFERROR(L41/H41,) -> 0 | O41: =+IFERROR(L41/J41,) -> 0
B42: 광고선전비 | C42: =+'(계획)손익계산서 월별계획'!C42 -> 0 | D42: =+IFERROR(F42/C42,) -> 0 | E42: =SUM('(계획)손익계산서 월별계획'!E42:OFFSET('(계획)손익계산서 월별계획'!E42,0,$C$4-1)) -> 0 | F42: =SUM('3. 손익계산서 월별실적'!E42:OFFSET('3. 손익계산서 월별실적'!E42,0,$C$4-1)) -> 0 | G42: =+IFERROR(F42/E42,) -> 0 | H42: =OFFSET('3. 손익계산서 월별실적'!E42,0,$C$4-2) -> 0 | I42: =+IFERROR(H42/$H$6,) -> 0 | J42: =OFFSET('(계획)손익계산서 월별계획'!E42,0,$C$4-1) -> 0 | K42: =+IFERROR(J42/$J$6,) -> 0 | L42: =OFFSET('3. 손익계산서 월별실적'!E42,0,$C$4-1) -> 0 | M42: =+IFERROR(L42/$L$6,) -> 0 | N42: =+IFERROR(L42/H42,) -> 0 | O42: =+IFERROR(L42/J42,) -> 0
B43: 지급수수료 | C43: =+'(계획)손익계산서 월별계획'!C43 -> 1.3008292e+09 | D43: =+IFERROR(F43/C43,) -> 0 | E43: =SUM('(계획)손익계산서 월별계획'!E43:OFFSET('(계획)손익계산서 월별계획'!E43,0,$C$4-1)) -> 1.2236385e+08 | F43: =SUM('3. 손익계산서 월별실적'!E43:OFFSET('3. 손익계산서 월별실적'!E43,0,$C$4-1)) -> 0 | G43: =+IFERROR(F43/E43,) -> 0 | H43: =OFFSET('3. 손익계산서 월별실적'!E43,0,$C$4-2) -> 0 | I43: =+IFERROR(H43/$H$6,) -> 0 | J43: =OFFSET('(계획)손익계산서 월별계획'!E43,0,$C$4-1) -> 1.2236385e+08 | K43: =+IFERROR(J43/$J$6,) -> 0.067905456 | L43: =OFFSET('3. 손익계산서 월별실적'!E43,0,$C$4-1) -> 0 | M43: =+IFERROR(L43/$L$6,) -> 0 | N43: =+IFERROR(L43/H43,) -> 0 | O43: =+IFERROR(L43/J43,) -> 0
B44: 여비교통비 | C44: =+'(계획)손익계산서 월별계획'!C44 -> 3.113718e+08 | D44: =+IFERROR(F44/C44,) -> 0 | E44: =SUM('(계획)손익계산서 월별계획'!E44:OFFSET('(계획)손익계산서 월별계획'!E44,0,$C$4-1)) -> 18778864 | F44: =SUM('3. 손익계산서 월별실적'!E44:OFFSET('3. 손익계산서 월별실적'!E44,0,$C$4-1)) -> 0 | G44: =+IFERROR(F44/E44,) -> 0 | H44: =OFFSET('3. 손익계산서 월별실적'!E44,0,$C$4-2) -> 0 | I44: =+IFERROR(H44/$H$6,) -> 0 | J44: =OFFSET('(계획)손익계산서 월별계획'!E44,0,$C$4-1) -> 18778864 | K44: =+IFERROR(J44/$J$6,) -> 0.010421275 | L44: =OFFSET('3. 손익계산서 월별실적'!E44,0,$C$4-1) -> 0 | M44: =+IFERROR(L44/$L$6,) -> 0 | N44: =+IFERROR(L44/H44,) -> 0 | O44: =+IFERROR(L44/J44,) -> 0
B45: 감가상각비 | C45: =+'(계획)손익계산서 월별계획'!C45 -> 3.4248268e+08 | D45: =+IFERROR(F45/C45,) -> 0 | E45: =SUM('(계획)손익계산서 월별계획'!E45:OFFSET('(계획)손익계산서 월별계획'!E45,0,$C$4-1)) -> 28571641 | F45: =SUM('3. 손익계산서 월별실적'!E45:OFFSET('3. 손익계산서 월별실적'!E45,0,$C$4-1)) -> 0 | G45: =+IFERROR(F45/E45,) -> 0 | H45: =OFFSET('3. 손익계산서 월별실적'!E45,0,$C$4-2) -> 0 | I45: =+IFERROR(H45/$H$6,) -> 0 | J45: =OFFSET('(계획)손익계산서 월별계획'!E45,0,$C$4-1) -> 28571641 | K45: =+IFERROR(J45/$J$6,) -> 0.015855748 | L45: =OFFSET('3. 손익계산서 월별실적'!E45,0,$C$4-1) -> 0 | M45: =+IFERROR(L45/$L$6,) -> 0 | N45: =+IFERROR(L45/H45,) -> 0 | O45: =+IFERROR(L45/J45,) -> 0
B46: 개발비 | C46: =+'(계획)손익계산서 월별계획'!C46 -> 330000000 | D46: =+IFERROR(F46/C46,) -> 0 | E46: =SUM('(계획)손익계산서 월별계획'!E46:OFFSET('(계획)손익계산서 월별계획'!E46,0,$C$4-1)) -> 62000000 | F46: =SUM('3. 손익계산서 월별실적'!E46:OFFSET('3. 손익계산서 월별실적'!E46,0,$C$4-1)) -> 0 | G46: =+IFERROR(F46/E46,) -> 0 | H46: =OFFSET('3. 손익계산서 월별실적'!E46,0,$C$4-2) -> 0 | I46: =+IFERROR(H46/$H$6,) -> 0 | J46: =OFFSET('(계획)손익계산서 월별계획'!E46,0,$C$4-1) -> 62000000 | K46: =+IFERROR(J46/$J$6,) -> 0.034406717 | L46: =OFFSET('3. 손익계산서 월별실적'!E46,0,$C$4-1) -> 0 | M46: =+IFERROR(L46/$L$6,) -> 0 | N46: =+IFERROR(L46/H46,) -> 0 | O46: =+IFERROR(L46/J46,) -> 0
B47: 충당비용 | C47: =+'(계획)손익계산서 월별계획'!C47 -> 0 | D47: =+IFERROR(F47/C47,) -> 0 | E47: =+SUM('(계획)손익계산서 월별계획'!E47:OFFSET('(계획)손익계산서 월별계획'!E47,0,$C$4-1)) -> 0 | F47: =SUM('3. 손익계산서 월별실적'!E47:OFFSET('3. 손익계산서 월별실적'!E47,0,$C$4-1)) -> 0 | G47: =+IFERROR(F47/E47,) -> 0 | H47: =OFFSET('3. 손익계산서 월별실적'!E47,0,$C$4-2) -> 0 | I47: =+IFERROR(H47/$H$6,) -> 0 | J47: =OFFSET('(계획)손익계산서 월별계획'!E47,0,$C$4-1) -> 0 | K47: =+IFERROR(J47/$J$6,) -> 0 | L47: =OFFSET('3. 손익계산서 월별실적'!E47,0,$C$4-1) -> 0 | M47: =+IFERROR(L47/$L$6,) -> 0 | N47: =+IFERROR(L47/H47,) -> 0 | O47: =+IFERROR(L47/J47,) -> 0
B48: 외주비 | C48: =+'(계획)손익계산서 월별계획'!C48 -> 0 | D48: =+IFERROR(F48/C48,) -> 0 | E48: =SUM('(계획)손익계산서 월별계획'!E48:OFFSET('(계획)손익계산서 월별계획'!E48,0,$C$4-1)) -> 0 | F48: =SUM('3. 손익계산서 월별실적'!E48:OFFSET('3. 손익계산서 월별실적'!E48,0,$C$4-1)) -> 0 | G48: =+IFERROR(F48/E48,) -> 0 | H48: =OFFSET('3. 손익계산서 월별실적'!E48,0,$C$4-2) -> 0 | I48: =+IFERROR(H48/$H$6,) -> 0 | J48: =OFFSET('(계획)손익계산서 월별계획'!E48,0,$C$4-1) -> 0 | K48: =+IFERROR(J48/$J$6,) -> 0 | L48: =OFFSET('3. 손익계산서 월별실적'!E48,0,$C$4-1) -> 0 | M48: =+IFERROR(L48/$L$6,) -> 0 | N48: =+IFERROR(L48/H48,) -> 0 | O48: =+IFERROR(L48/J48,) -> 0
B49: 기타비용 | C49: =+'(계획)손익계산서 월별계획'!C49 -> 1.4518564e+08 | D49: =+IFERROR(F49/C49,) -> 0 | E49: =SUM('(계획)손익계산서 월별계획'!E49:OFFSET('(계획)손익계산서 월별계획'!E49,0,$C$4-1)) -> 10654549 | F49: =SUM('3. 손익계산서 월별실적'!E49:OFFSET('3. 손익계산서 월별실적'!E49,0,$C$4-1)) -> 0 | G49: =+IFERROR(F49/E49,) -> 0 | H49: =OFFSET('3. 손익계산서 월별실적'!E49,0,$C$4-2) -> 0 | I49: =+IFERROR(H49/$H$6,) -> 0 | J49: =OFFSET('(계획)손익계산서 월별계획'!E49,0,$C$4-1) -> 10654549 | K49: =+IFERROR(J49/$J$6,) -> 0.0059127104 | L49: =OFFSET('3. 손익계산서 월별실적'!E49,0,$C$4-1) -> 0 | M49: =+IFERROR(L49/$L$6,) -> 0 | N49: =+IFERROR(L49/H49,) -> 0 | O49: =+IFERROR(L49/J49,) -> 0
B50: 투자비지원 | C50: =+'(계획)손익계산서 월별계획'!C50 -> 0 | D50: =+IFERROR(F50/C50,) -> 0 | E50: =SUM('(계획)손익계산서 월별계획'!E50:OFFSET('(계획)손익계산서 월별계획'!E50,0,$C$4-1)) -> 0 | F50: =SUM('3. 손익계산서 월별실적'!E50:OFFSET('3. 손익계산서 월별실적'!E50,0,$C$4-1)) -> 0 | G50: =+IFERROR(F50/E50,) -> 0 | H50: =OFFSET('3. 손익계산서 월별실적'!E50,0,$C$4-2) -> 0 | I50: =+IFERROR(H50/$H$6,) -> 0 | J50: =OFFSET('(계획)손익계산서 월별계획'!E50,0,$C$4-1) -> 0 | K50: =+IFERROR(J50/$J$6,) -> 0 | L50: =OFFSET('3. 손익계산서 월별실적'!E50,0,$C$4-1) -> 0 | M50: =+IFERROR(L50/$L$6,) -> 0 | N50: =+IFERROR(L50/H50,) -> 0 | O50: =+IFERROR(L50/J50,) -> 0
B51: 자회사지원 | C51: =+'(계획)손익계산서 월별계획'!C51 -> 0 | D51: =+IFERROR(F51/C51,) -> 0 | E51: =SUM('(계획)손익계산서 월별계획'!E51:OFFSET('(계획)손익계산서 월별계획'!E51,0,$C$4-1)) -> 0 | F51: =+SUM('3. 손익계산서 월별실적'!E51:OFFSET('3. 손익계산서 월별실적'!E51,0,$C$4-1)) -> 0 | G51: =+IFERROR(F51/E51,) -> 0 | H51: =OFFSET('3. 손익계산서 월별실적'!E51,0,$C$4-2) -> 0 | I51: =+IFERROR(H51/$H$6,) -> 0 | J51: =OFFSET('(계획)손익계산서 월별계획'!E51,0,$C$4-1) -> 0 | K51: =+IFERROR(J51/$J$6,) -> 0 | L51: =OFFSET('3. 손익계산서 월별실적'!E51,0,$C$4-1) -> 0 | M51: =+IFERROR(L51/$L$6,) -> 0 | N51: =+IFERROR(L51/H51,) -> 0 | O51: =+IFERROR(L51/J51,) -> 0
B53: [연구개발비] | C53: =+'(계획)손익계산서 월별계획'!C53 -> 5.5739576e+09 | D53: =+IFERROR(F53/C53,) -> 0 | E53: =SUM(E54:E67) -> 4.9476213e+08 | F53: =SUM(F54:F67) -> 0 | G53: =+IFERROR(F53/E53,) -> 0 | H53: =SUM(H54:H67) -> 0 | I53: =+IFERROR(H53/$H$6,) -> 0 | J53: =SUM(J54:J67) -> 4.9476213e+08 | K53: =+IFERROR(J53/$J$6,) -> 0.27456678 | L53: =SUM(L54:L67) -> 0 | M53: =+IFERROR(L53/$L$6,) -> 0 | N53: =+IFERROR(L53/H53,) -> 0 | O53: =+IFERROR(L53/J53,) -> 0
B54: 인건비 | C54: =+'(계획)손익계산서 월별계획'!C54 -> 3.1560132e+09 | D54: =+IFERROR(F54/C54,) -> 0 | E54: =SUM('(계획)손익계산서 월별계획'!E54:OFFSET('(계획)손익계산서 월별계획'!E54,0,$C$4-1)) -> 2.3557109e+08 | F54: =SUM('3. 손익계산서 월별실적'!E54:OFFSET('3. 손익계산서 월별실적'!E54,0,$C$4-1)) -> 0 | G54: =+IFERROR(F54/E54,) -> 0 | H54: =OFFSET('3. 손익계산서 월별실적'!E54,0,$C$4-2) -> 0 | I54: =+IFERROR(H54/$H$6,) -> 0 | J54: =OFFSET('(계획)손익계산서 월별계획'!E54,0,$C$4-1) -> 2.3557109e+08 | K54: =+IFERROR(J54/$J$6,) -> 0.13072948 | L54: =OFFSET('3. 손익계산서 월별실적'!E54,0,$C$4-1) -> 0 | M54: =+IFERROR(L54/$L$6,) -> 0 | N54: =+IFERROR(L54/H54,) -> 0 | O54: =+IFERROR(L54/J54,) -> 0
B55: 유지비(금형 등) | C55: =+'(계획)손익계산서 월별계획'!C55 -> 46515370 | D55: =+IFERROR(F55/C55,) -> 0 | E55: =SUM('(계획)손익계산서 월별계획'!E55:OFFSET('(계획)손익계산서 월별계획'!E55,0,$C$4-1)) -> 3187947.5 | F55: =SUM('3. 손익계산서 월별실적'!E55:OFFSET('3. 손익계산서 월별실적'!E55,0,$C$4-1)) -> 0 | G55: =+IFERROR(F55/E55,) -> 0 | H55: =OFFSET('3. 손익계산서 월별실적'!E55,0,$C$4-2) -> 0 | I55: =+IFERROR(H55/$H$6,) -> 0 | J55: =OFFSET('(계획)손익계산서 월별계획'!E55,0,$C$4-1) -> 3187947.5 | K55: =+IFERROR(J55/$J$6,) -> 0.001769142 | L55: =OFFSET('3. 손익계산서 월별실적'!E55,0,$C$4-1) -> 0 | M55: =+IFERROR(L55/$L$6,) -> 0 | N55: =+IFERROR(L55/H55,) -> 0 | O55: =+IFERROR(L55/J55,) -> 0
B56: 세금,보험 | C56: =+'(계획)손익계산서 월별계획'!C56 -> 2.7019354e+08 | D56: =+IFERROR(F56/C56,) -> 0 | E56: =SUM('(계획)손익계산서 월별계획'!E56:OFFSET('(계획)손익계산서 월별계획'!E56,0,$C$4-1)) -> 20846478 | F56: =SUM('3. 손익계산서 월별실적'!E56:OFFSET('3. 손익계산서 월별실적'!E56,0,$C$4-1)) -> 0 | G56: =+IFERROR(F56/E56,) -> 0 | H56: =OFFSET('3. 손익계산서 월별실적'!E56,0,$C$4-2) -> 0 | I56: =+IFERROR(H56/$H$6,) -> 0 | J56: =OFFSET('(계획)손익계산서 월별계획'!E56,0,$C$4-1) -> 20846478 | K56: =+IFERROR(J56/$J$6,) -> 0.011568691 | L56: =OFFSET('3. 손익계산서 월별실적'!E56,0,$C$4-1) -> 0 | M56: =+IFERROR(L56/$L$6,) -> 0 | N56: =+IFERROR(L56/H56,) -> 0 | O56: =+IFERROR(L56/J56,) -> 0
B57: 복리후생비 | C57: =+'(계획)손익계산서 월별계획'!C57 -> 154713216 | D57: =+IFERROR(F57/C57,) -> 0 | E57: =SUM('(계획)손익계산서 월별계획'!E57:OFFSET('(계획)손익계산서 월별계획'!E57,0,$C$4-1)) -> 8889773.5 | F57: =SUM('3. 손익계산서 월별실적'!E57:OFFSET('3. 손익계산서 월별실적'!E57,0,$C$4-1)) -> 0 | G57: =+IFERROR(F57/E57,) -> 0 | H57: =OFFSET('3. 손익계산서 월별실적'!E57,0,$C$4-2) -> 0 | I57: =+IFERROR(H57/$H$6,) -> 0 | J57: =OFFSET('(계획)손익계산서 월별계획'!E57,0,$C$4-1) -> 8889773.5 | K57: =+IFERROR(J57/$J$6,) -> 0.0049333535 | L57: =OFFSET('3. 손익계산서 월별실적'!E57,0,$C$4-1) -> 0 | M57: =+IFERROR(L57/$L$6,) -> 0 | N57: =+IFERROR(L57/H57,) -> 0 | O57: =+IFERROR(L57/J57,) -> 0
B58: 운반비 | C58: =+'(계획)손익계산서 월별계획'!C58 -> 3720000 | D58: =+IFERROR(F58/C58,) -> 0 | E58: =SUM('(계획)손익계산서 월별계획'!E58:OFFSET('(계획)손익계산서 월별계획'!E58,0,$C$4-1)) -> 310000 | F58: =SUM('3. 손익계산서 월별실적'!E58:OFFSET('3. 손익계산서 월별실적'!E58,0,$C$4-1)) -> 0 | G58: =+IFERROR(F58/E58,) -> 0 | H58: =OFFSET('3. 손익계산서 월별실적'!E58,0,$C$4-2) -> 0 | I58: =+IFERROR(H58/$H$6,) -> 0 | J58: =OFFSET('(계획)손익계산서 월별계획'!E58,0,$C$4-1) -> 310000 | K58: =+IFERROR(J58/$J$6,) -> 0.00017203358 | L58: =OFFSET('3. 손익계산서 월별실적'!E58,0,$C$4-1) -> 0 | M58: =+IFERROR(L58/$L$6,) -> 0 | N58: =+IFERROR(L58/H58,) -> 0 | O58: =+IFERROR(L58/J58,) -> 0
B59: 포장비 | C59: =+'(계획)손익계산서 월별계획'!C59 -> 0 | D59: =+IFERROR(F59/C59,) -> 0 | E59: =SUM('(계획)손익계산서 월별계획'!E59:OFFSET('(계획)손익계산서 월별계획'!E59,0,$C$4-1)) -> 0 | F59: =+SUM('3. 손익계산서 월별실적'!E59:OFFSET('3. 손익계산서 월별실적'!E59,0,$C$4-1)) -> 0 | G59: =+IFERROR(F59/E59,) -> 0 | H59: =OFFSET('3. 손익계산서 월별실적'!E59,0,$C$4-2) -> 0 | I59: =+IFERROR(H59/$H$6,) -> 0 | J59: =OFFSET('(계획)손익계산서 월별계획'!E59,0,$C$4-1) -> 0 | K59: =+IFERROR(J59/$J$6,) -> 0 | L59: =OFFSET('3. 손익계산서 월별실적'!E59,0,$C$4-1) -> 0 | M59: =+IFERROR(L59/$L$6,) -> 0 | N59: =+IFERROR(L59/H59,) -> 0 | O59: =+IFERROR(L59/J59,) -> 0
B60: 광고선전비 | C60: =+'(계획)손익계산서 월별계획'!C60 -> 0 | D60: =+IFERROR(F60/C60,) -> 0 | E60: =SUM('(계획)손익계산서 월별계획'!E60:OFFSET('(계획)손익계산서 월별계획'!E60,0,$C$4-1)) -> 0 | F60: =SUM('3. 손익계산서 월별실적'!E60:OFFSET('3. 손익계산서 월별실적'!E60,0,$C$4-1)) -> 0 | G60: =+IFERROR(F60/E60,) -> 0 | H60: =OFFSET('3. 손익계산서 월별실적'!E60,0,$C$4-2) -> 0 | I60: =+IFERROR(H60/$H$6,) -> 0 | J60: =OFFSET('(계획)손익계산서 월별계획'!E60,0,$C$4-1) -> 0 | K60: =+IFERROR(J60/$J$6,) -> 0 | L60: =OFFSET('3. 손익계산서 월별실적'!E60,0,$C$4-1) -> 0 | M60: =+IFERROR(L60/$L$6,) -> 0 | N60: =+IFERROR(L60/H60,) -> 0 | O60: =+IFERROR(L60/J60,) -> 0
B61: 지급수수료 | C61: =+'(계획)손익계산서 월별계획'!C61 -> 536975988 | D61: =+IFERROR(F61/C61,) -> 0 | E61: =SUM('(계획)손익계산서 월별계획'!E61:OFFSET('(계획)손익계산서 월별계획'!E61,0,$C$4-1)) -> 43822999 | F61: =SUM('3. 손익계산서 월별실적'!E61:OFFSET('3. 손익계산서 월별실적'!E61,0,$C$4-1)) -> 0 | G61: =+IFERROR(F61/E61,) -> 0 | H61: =OFFSET('3. 손익계산서 월별실적'!E61,0,$C$4-2) -> 0 | I61: =+IFERROR(H61/$H$6,) -> 0 | J61: =OFFSET('(계획)손익계산서 월별계획'!E61,0,$C$4-1) -> 43822999 | K61: =+IFERROR(J61/$J$6,) -> 0.024319444 | L61: =OFFSET('3. 손익계산서 월별실적'!E61,0,$C$4-1) -> 0 | M61: =+IFERROR(L61/$L$6,) -> 0 | N61: =+IFERROR(L61/H61,) -> 0 | O61: =+IFERROR(L61/J61,) -> 0 | Q61: =+L61-J61 -> -43822999 | R61: =+L61-H61 -> 0
B62: 여비교통비 | C62: =+'(계획)손익계산서 월별계획'!C62 -> 2.09315e+08 | D62: =+IFERROR(F62/C62,) -> 0 | E62: =SUM('(계획)손익계산서 월별계획'!E62:OFFSET('(계획)손익계산서 월별계획'!E62,0,$C$4-1)) -> 53409583 | F62: =SUM('3. 손익계산서 월별실적'!E62:OFFSET('3. 손익계산서 월별실적'!E62,0,$C$4-1)) -> 0 | G62: =+IFERROR(F62/E62,) -> 0 | H62: =OFFSET('3. 손익계산서 월별실적'!E62,0,$C$4-2) -> 0 | I62: =+IFERROR(H62/$H$6,) -> 0 | J62: =OFFSET('(계획)손익계산서 월별계획'!E62,0,$C$4-1) -> 53409583 | K62: =+IFERROR(J62/$J$6,) -> 0.02963949 | L62: =OFFSET('3. 손익계산서 월별실적'!E62,0,$C$4-1) -> 0 | M62: =+IFERROR(L62/$L$6,) -> 0 | N62: =+IFERROR(L62/H62,) -> 0 | O62: =+IFERROR(L62/J62,) -> 0
B63: 감가상각비 | C63: =+'(계획)손익계산서 월별계획'!C63 -> 216771136 | D63: =+IFERROR(F63/C63,) -> 0 | E63: =SUM('(계획)손익계산서 월별계획'!E63:OFFSET('(계획)손익계산서 월별계획'!E63,0,$C$4-1)) -> 18064243 | F63: =SUM('3. 손익계산서 월별실적'!E63:OFFSET('3. 손익계산서 월별실적'!E63,0,$C$4-1)) -> 0 | G63: =+IFERROR(F63/E63,) -> 0 | H63: =OFFSET('3. 손익계산서 월별실적'!E63,0,$C$4-2) -> 0 | I63: =+IFERROR(H63/$H$6,) -> 0 | J63: =OFFSET('(계획)손익계산서 월별계획'!E63,0,$C$4-1) -> 18064243 | K63: =+IFERROR(J63/$J$6,) -> 0.010024698 | L63: =OFFSET('3. 손익계산서 월별실적'!E63,0,$C$4-1) -> 0 | M63: =+IFERROR(L63/$L$6,) -> 0 | N63: =+IFERROR(L63/H63,) -> 0 | O63: =+IFERROR(L63/J63,) -> 0
B64: 개발비 | C64: =+'(계획)손익계산서 월별계획'!C64 -> 890280000 | D64: =+IFERROR(F64/C64,) -> 0 | E64: =SUM('(계획)손익계산서 월별계획'!E64:OFFSET('(계획)손익계산서 월별계획'!E64,0,$C$4-1)) -> 103990000 | F64: =SUM('3. 손익계산서 월별실적'!E64:OFFSET('3. 손익계산서 월별실적'!E64,0,$C$4-1)) -> 0 | G64: =+IFERROR(F64/E64,) -> 0 | H64: =OFFSET('3. 손익계산서 월별실적'!E64,0,$C$4-2) -> 0 | I64: =+IFERROR(H64/$H$6,) -> 0 | J64: =OFFSET('(계획)손익계산서 월별계획'!E64,0,$C$4-1) -> 103990000 | K64: =+IFERROR(J64/$J$6,) -> 0.057708943 | L64: =OFFSET('3. 손익계산서 월별실적'!E64,0,$C$4-1) -> 0 | M64: =+IFERROR(L64/$L$6,) -> 0 | N64: =+IFERROR(L64/H64,) -> 0 | O64: =+IFERROR(L64/J64,) -> 0 | Q64: =+L64-J64 -> -103990000 | R64: =+L64-H64 -> 0
B65: 충당비용 | C65: =+'(계획)손익계산서 월별계획'!C65 -> 0 | D65: =+IFERROR(F65/C65,) -> 0 | E65: =SUM('(계획)손익계산서 월별계획'!E65:OFFSET('(계획)손익계산서 월별계획'!E65,0,$C$4-1)) -> 0 | F65: =SUM('3. 손익계산서 월별실적'!E65:OFFSET('3. 손익계산서 월별실적'!E65,0,$C$4-1)) -> 0 | G65: =+IFERROR(F65/E65,) -> 0 | H65: =OFFSET('3. 손익계산서 월별실적'!E65,0,$C$4-2) -> 0 | I65: =+IFERROR(H65/$H$6,) -> 0 | J65: =OFFSET('(계획)손익계산서 월별계획'!E65,0,$C$4-1) -> 0 | K65: =+IFERROR(J65/$J$6,) -> 0 | L65: =OFFSET('3. 손익계산서 월별실적'!E65,0,$C$4-1) -> 0 | M65: =+IFERROR(L65/$L$6,) -> 0 | N65: =+IFERROR(L65/H65,) -> 0 | O65: =+IFERROR(L65/J65,) -> 0
B66: 외주비 | C66: =+'(계획)손익계산서 월별계획'!C66 -> 0 | D66: =+IFERROR(F66/C66,) -> 0 | E66: =SUM('(계획)손익계산서 월별계획'!E66:OFFSET('(계획)손익계산서 월별계획'!E66,0,$C$4-1)) -> 0 | F66: =SUM('3. 손익계산서 월별실적'!E66:OFFSET('3. 손익계산서 월별실적'!E66,0,$C$4-1)) -> 0 | G66: =+IFERROR(F66/E66,) -> 0 | H66: =OFFSET('3. 손익계산서 월별실적'!E66,0,$C$4-2) -> 0 | I66: =+IFERROR(H66/$H$6,) -> 0 | J66: =OFFSET('(계획)손익계산서 월별계획'!E66,0,$C$4-1) -> 0 | K66: =+IFERROR(J66/$J$6,) -> 0 | L66: =OFFSET('3. 손익계산서 월별실적'!E66,0,$C$4-1) -> 0 | M66: =+IFERROR(L66/$L$6,) -> 0 | N66: =+IFERROR(L66/H66,) -> 0 | O66: =+IFERROR(L66/J66,) -> 0
B67: 기타비용 | C67: =+'(계획)손익계산서 월별계획'!C67 -> 89460229 | D67: =+IFERROR(F67/C67,) -> 0 | E67: =SUM('(계획)손익계산서 월별계획'!E67:OFFSET('(계획)손익계산서 월별계획'!E67,0,$C$4-1)) -> 6670019.1 | F67: =SUM('3. 손익계산서 월별실적'!E67:OFFSET('3. 손익계산서 월별실적'!E67,0,$C$4-1)) -> 0 | G67: =+IFERROR(F67/E67,) -> 0 | H67: =OFFSET('3. 손익계산서 월별실적'!E67,0,$C$4-2) -> 0 | I67: =+IFERROR(H67/$H$6,) -> 0 | J67: =OFFSET('(계획)손익계산서 월별계획'!E67,0,$C$4-1) -> 6670019.1 | K67: =+IFERROR(J67/$J$6,) -> 0.0037015074 | L67: =OFFSET('3. 손익계산서 월별실적'!E67,0,$C$4-1) -> 0 | M67: =+IFERROR(L67/$L$6,) -> 0 | N67: =+IFERROR(L67/H67,) -> 0 | O67: =+IFERROR(L67/J67,) -> 0 | Q67: =+L64+L61 -> 0 | R67: =+J64+J61 -> 147812999 | S67: =+Q67-R67 -> -147812999
B68: Ⅴ.영업이익 | C68: =+'(계획)손익계산서 월별계획'!C68 -> -9.5479091e+09 | E68: =+E16-E18 -> -1.2122964e+09 | F68: =+F16-F18 -> 0 | G68: =+IFERROR(F68/E68,) -> 0 | H68: =+H16-H18 -> 0 | I68: =+IFERROR(H68/$H$6,) -> 0 | J68: =+J16-J18 -> -1.2122964e+09 | K68: =+IFERROR(J68/$J$6,) -> -0.67276031 | L68: =+L16-L18 -> 0 | M68: =+IFERROR(L68/$L$6,) -> 0 | N68: =+IF(AND(H68>0,L68>0),L68/H68,"-") -> - | O68: =IF(AND(J68>0,L68>0),L68/J68,"-") -> -
B69: (이익률) | C69: =+'(계획)손익계산서 월별계획'!C69 -> -0.20101464 | E69: =+IFERROR(E68/E6,) -> -0.67276031 | F69: =+IFERROR(F68/F6,) -> 0 | H69: =+IFERROR(H68/H6,) -> 0 | J69: =+IFERROR(J68/J6,) -> -0.67276031 | L69: =+IFERROR(L68/L6,) -> 0

Sheet 3. 손익계산서 월별실적
B3: Plofit and Loss statement FY 2026
P4: (단위:원)
B5: 구분 | C5: 년계 | D5: 12. lst y | E5: 1월 | F5: 2월 | G5: 3월 | H5: 4월 | I5: 5월 | J5: 6월 | K5: 7월 | L5: 8월 | M5: 9월 | N5: 10월 | O5: 11월 | P5: 12월
B6: Ⅰ. 매출액 | C6: =SUM(C7:C10) -> 0 | E6: =SUM(E7:E10) -> 0 | F6: =SUM(F7:F10) -> 0 | G6: =SUM(G7:G10) -> 0 | H6: =SUM(H7:H10) -> 0 | I6: =SUM(I7:I10) -> 0 | J6: =SUM(J7:J10) -> 0 | K6: =SUM(K7:K10) -> 0 | L6: =SUM(L7:L10) -> 0 | ... P6: =SUM(P7:P10) -> 0
B7: W/H | C7: =SUM(E7:P7) -> 0
B8: 상품 | C8: =SUM(E8:P8) -> 0
B9: 부품 | C9: =SUM(E9:P9) -> 0
B10: 기타 | C10: =SUM(E10:P10) -> 0
B11: Ⅱ. 매출원가 | C11: =SUM(C12:C15) -> 0 | E11: =SUM(E12:E15) -> 0 | F11: =SUM(F12:F15) -> 0 | G11: =SUM(G12:G15) -> 0 | H11: =SUM(H12:H15) -> 0 | I11: =SUM(I12:I15) -> 0 | J11: =SUM(J12:J15) -> 0 | K11: =SUM(K12:K15) -> 0 | L11: =SUM(L12:L15) -> 0 | ... P11: =SUM(P12:P15) -> 0
B12: W/H | C12: =SUM(E12:P12) -> 0
B13: 상품 | C13: =SUM(E13:P13) -> 0
B14: 부품 | C14: =SUM(E14:P14) -> 0
B15: 기타 | C15: =SUM(E15:P15) -> 0
B16: Ⅲ. 매출총이익 | C16: =+C6-C11 -> 0 | E16: =+E6-E11 -> 0 | F16: =+F6-F11 -> 0 | G16: =+G6-G11 -> 0 | H16: =+H6-H11 -> 0 | I16: =+I6-I11 -> 0 | J16: =+J6-J11 -> 0 | K16: =+K6-K11 -> 0 | L16: =+L6-L11 -> 0 | ... P16: =+P6-P11 -> 0
B17: (이익률) | C17: =+IFERROR(C16/C6,) -> 0 | E17: =+IFERROR(E16/E6,) -> 0 | F17: =+IFERROR(F16/F6,) -> 0 | G17: =+IFERROR(G16/G6,) -> 0 | H17: =+IFERROR(H16/H6,) -> 0 | I17: =+IFERROR(I16/I6,) -> 0 | J17: =+IFERROR(J16/J6,) -> 0 | K17: =+IFERROR(K16/K6,) -> 0 | L17: =+IFERROR(L16/L6,) -> 0 | ... P17: =+IFERROR(P16/P6,) -> 0
B18: Ⅳ.판매관리비 | C18: =SUM(E18:P18) -> 0 | E18: =+E19+E35+E53 -> 0 | F18: =+F19+F35+F53 -> 0 | G18: =+G19+G35+G53 -> 0 | H18: =+H19+H35+H53 -> 0 | I18: =+I19+I35+I53 -> 0 | J18: =+J19+J35+J53 -> 0 | K18: =+K19+K35+K53 -> 0 | L18: =+L19+L35+L53 -> 0 | ... P18: =+P19+P35+P53 -> 0
B19: [판매비] | C19: =SUM(E19:P19) -> 0 | E19: =SUM(E20:E33) -> 0 | F19: =SUM(F20:F33) -> 0 | G19: =SUM(G20:G33) -> 0 | H19: =SUM(H20:H33) -> 0 | I19: =SUM(I20:I33) -> 0 | J19: =SUM(J20:J33) -> 0 | K19: =SUM(K20:K33) -> 0 | L19: =SUM(L20:L33) -> 0 | ... P19: =SUM(P20:P33) -> 0
B20: 인건비 | C20: =SUM(E20:P20) -> 0
B21: 유지비용 | C21: =SUM(E21:P21) -> 0
B22: 세금,보험 | C22: =SUM(E22:P22) -> 0
B23: 복리후생비 | C23: =SUM(E23:P23) -> 0
B24: 운반비 | C24: =SUM(E24:P24) -> 0
B25: 포장비 | C25: =SUM(E25:P25) -> 0
B26: 광고선전비 | C26: =SUM(E26:P26) -> 0
B27: 지급수수료 | C27: =SUM(E27:P27) -> 0
B28: 여비교통비 | C28: =SUM(E28:P28) -> 0
B29: 감가상각비 | C29: =SUM(E29:P29) -> 0
B30: 개발비 | C30: =SUM(E30:P30) -> 0
B31: 충당비용 | C31: =SUM(E31:P31) -> 0
... B33: 기타비용 | C33: =SUM(E33:P33) -> 0
B35: [관리비] | C35: =SUM(E35:P35) -> 0 | E35: =SUM(E36:E51) -> 0 | F35: =SUM(F36:F51) -> 0 | G35: =SUM(G36:G51) -> 0 | H35: =SUM(H36:H51) -> 0 | I35: =SUM(I36:I51) -> 0 | J35: =SUM(J36:J51) -> 0 | K35: =SUM(K36:K51) -> 0 | L35: =SUM(L36:L51) -> 0 | ... P35: =SUM(P36:P51) -> 0
B36: 인건비 | C36: =SUM(E36:P36) -> 0
B37: 유지비용 | C37: =SUM(E37:P37) -> 0
B38: 세금,보험 | C38: =SUM(E38:P38) -> 0
B39: 복리후생비 | C39: =SUM(E39:P39) -> 0
B40: 운반비 | C40: =SUM(E40:P40) -> 0
B41: 포장비 | C41: =SUM(E41:P41) -> 0
B42: 광고선전비 | C42: =SUM(E42:P42) -> 0
B43: 지급수수료 | C43: =SUM(E43:P43) -> 0
B44: 여비교통비 | C44: =SUM(E44:P44) -> 0
B45: 감가상각비 | C45: =SUM(E45:P45) -> 0
B46: 개발비 | C46: =SUM(E46:P46) -> 0
B47: 충당비용 | C47: =SUM(E47:P47) -> 0
... B51: 자회사지원 | C51: =SUM(E51:P51) -> 0
C52: =SUM(E52:P52) -> 0 | G52: .................
B53: [연구개발비] | C53: =SUM(E53:P53) -> 0 | E53: =SUM(E54:E67) -> 0 | F53: =SUM(F54:F67) -> 0 | G53: =SUM(G54:G67) -> 0 | H53: =SUM(H54:H67) -> 0 | I53: =SUM(I54:I67) -> 0 | J53: =SUM(J54:J67) -> 0 | K53: =SUM(K54:K67) -> 0 | L53: =SUM(L54:L67) -> 0 | ... P53: =SUM(P54:P67) -> 0
B54: 인건비 | C54: =SUM(E54:P54) -> 0
B55: 유지비(금형 등) | C55: =SUM(E55:P55) -> 0
B56: 세금,보험 | C56: =SUM(E56:P56) -> 0
B57: 복리후생비 | C57: =SUM(E57:P57) -> 0
B58: 운반비 | C58: =SUM(E58:P58) -> 0
B59: 포장비 | C59: =SUM(E59:P59) -> 0
B60: 광고선전비 | C60: =SUM(E60:P60) -> 0
B61: 지급수수료 | C61: =SUM(E61:P61) -> 0
B62: 여비교통비 | C62: =SUM(E62:P62) -> 0
B63: 감가상각비 | C63: =SUM(E63:P63) -> 0
B64: 개발비 | C64: =SUM(E64:P64) -> 0
B65: 충당비용 | C65: =SUM(E65:P65) -> 0
... B67: 기타비용 | C67: =SUM(E67:P67) -> 0
B68: Ⅴ.영업이익 | C68: =SUM(E68:P68) -> 0 | E68: =+E16-E18 -> 0 | F68: =+F16-F18 -> 0 | G68: =+G16-G18 -> 0 | H68: =+H16-H18 -> 0 | I68: =+I16-I18 -> 0 | J68: =+J16-J18 -> 0 | K68: =+K16-K18 -> 0 | L68: =+L16-L18 -> 0 | ... P68: =+P16-P18 -> 0
B69: (이익률) | C69: =+IFERROR(C68/C6,) -> 0 | E69: =+IFERROR(E68/E6,) -> 0 | F69: =+IFERROR(F68/F6,) -> 0 | G69: =+IFERROR(G68/G6,) -> 0 | H69: =+IFERROR(H68/H6,) -> 0 | I69: =+IFERROR(I68/I6,) -> 0 | J69: =+IFERROR(J68/J6,) -> 0 | K69: =+IFERROR(K68/K6,) -> 0 | L69: =+IFERROR(L68/L6,) -> 0 | ... P69: =+IFERROR(P68/P6,) -> 0
B70: Ⅵ.영업외수익
B71: Ⅶ. 영업외비용
B72: Ⅷ 법인세
B73: Ⅸ.당기손익
B74: (이익률)

Sheet 4. PA요약
B2: 고객별 손익요약 | G2: (단위 : 원)
B3: 행 레이블 | C3: 합계 : 매출액 합계 | D3: 합계 : 매출총이익 | E3: 합계 : 매출총이익율 | F3: 합계 : 영업이익 | G3: 합계 : 영업이익율
B4: (주)엘지에너지솔루션 | C4: 749784620 | D4: 319781480 | E4: 0.42649779 | F4: 24632639 | G4: 0.032852954
B5: Kyungshin Cable Euro | C5: 1550103155 | D5: 55597728 | E5: 0.035867115 | F5: -5.5459237e+08 | G5: -0.35777772
B6: Kyungshin Cable Inte | C6: 1125573567 | D6: 76877048 | E6: 0.068300332 | F6: -3.6619917e+08 | G6: -0.3253445
B7: CHANGZHOU KYUNGSHIN | C7: 5948688 | D7: 5948688 | E7: 1 | F7: 3607017.7 | G7: 0.60635517
B8: POWERLOGICS BATHIEN | C8: 1803028 | D8: 874477 | E8: 0.48500467 | F8: 164724.35 | G8: 0.091359838
B9: ㈜ 파워로직스 | C9: 16090410 | D9: 6804900 | E9: 0.42291651 | F9: 470993.26 | G9: 0.029271675
B10: 총합계 | C10: 3449303468 | D10: 465884321 | E10: 0.1350662 | F10: -891916163 | G10: -0.25857863
B21: 제품군별 손익요약 | G21: (단위 : 원)
B22: 행 레이블 | C22: 합계 : 매출액 합계 | D22: 합계 : 매출총이익 | E22: 합계 : 매출총이익율 | F22: 합계 : 영업이익 | G22: 합계 : 영업이익율
B23: 부품 | C23: 2644329659 | D23: 129205182 | E23: 0.048861223 | F23: -9.1172152e+08 | G23: -0.34478361
B24: 기타 | C24: 38675751 | D24: 9218282 | E24: 0.23834785 | F24: -6006227.5 | G24: -0.15529698
B25: 상품 | C25: 766298058 | D25: 327460857 | E25: 0.42732831 | F25: 25811587 | G25: 0.033683482
B26: 총합계 | C26: 3449303468 | D26: 465884321 | E26: 0.1350662 | F26: -8.9191616e+08 | G26: -0.25857863
E30: 값 | N30: 구분 | O30: 고객명 | P30: 제품명 | Q30: 매출액 | R30: 매출원가 | S30: 매출총이익 | T30: 매출총이익률 | U30: 판관비 | V30: 영업이익 | W30: 영업이익률
B31: 구분 | C31: 고객명 | D31: 제품명 | E31: 합계 : 매출액 합계 | F31: 합계 : 매출원가 합계 | G31: 합계 : 매출총이익 | H31: 합계 : 매출총이익율 | I31: 합계 : 총판관비 | J31: 합계 : 영업이익 | K31: 합계 : 영업이익율 | N31: 부품 | O31: KSCE | Q31: 1519907606 | R31: 1466427958 | S31: 53479648 | T31: 0.035186118 | U31: 5.9830377e+08 | V31: -5.4482413e+08 | W31: -0.35845871
B32: 부품 | C32: Kyungshin Cable Euro | E32: 1519907606 | F32: 1466427958 | G32: 53479648 | H32: 0.035186118 | I32: 5.9830377e+08 | J32: -5.4482413e+08 | K32: -0.35845871 | O32: KSCI | Q32: 1124422053 | R32: 1048696519 | S32: 75725534 | T32: 0.067346184 | U32: 4.4262293e+08 | V32: -3.668974e+08 | W32: -0.32629865
C33: Kyungshin Cable Inte | E33: 1124422053 | F33: 1048696519 | G33: 75725534 | H33: 0.067346184 | I33: 4.4262293e+08 | J33: -3.668974e+08 | K33: -0.32629865
B34: 부품 요약 | E34: 2644329659 | F34: 2515124477 | G34: 129205182 | H34: 0.048861223 | I34: 1.0409267e+09 | J34: -9.1172152e+08 | K34: -0.34478361
B35: 기타 | C35: Kyungshin Cable Euro | E35: 30195549 | F35: 28077469 | G35: 2118080 | H35: 0.070145438 | I35: 11886322 | J35: -9768241.8 | K35: -0.32349939 | N35: 부품 요약 | Q35: 2644329659 | R35: 2515124477 | S35: 129205182 | T35: 0.048861223 | U35: 1.0409267e+09 | V35: -9.1172152e+08 | W35: -0.34478361
C36: (주)엘지에너지솔루션 | E36: 1380000 | F36: 1380000 | G36: 0 | H36: 0 | I36: 543229.87 | J36: -543229.87 | K36: -0.39364483 | N36: 기타 | O36: KSCE | Q36: 30195549 | R36: 28077469 | S36: 2118080 | T36: 0.070145438 | U36: 11886322 | V36: -9768241.8 | W36: -0.32349939
C37: Kyungshin Cable Inte | E37: 1151514 | F37: 0 | G37: 1151514 | H37: 1 | I37: 453287.54 | J37: 698226.46 | K37: 0.60635517 | O37: (주)엘지에너지솔루션 | Q37: 1380000 | R37: 1380000 | S37: 0 | T37: 0 | U37: 543229.87 | V37: -543229.87 | W37: -0.39364483
C38: CHANGZHOU KYUNGSHIN | E38: 5948688 | F38: 0 | G38: 5948688 | H38: 1 | I38: 2341670.3 | J38: 3607017.7 | K38: 0.60635517 | O38: KSCI | Q38: 1151514 | R38: 0 | S38: 1151514 | T38: 1 | U38: 453287.54 | V38: 698226.46 | W38: 0.60635517
B39: 기타 요약 | E39: 38675751 | F39: 29457469 | G39: 9218282 | H39: 0.23834785 | I39: 15224510 | J39: -6006227.5 | K39: -0.15529698 | O39: KSCCZ | Q39: 5948688 | R39: 0 | S39: 5948688 | T39: 1 | U39: 2341670.3 | V39: 3607017.7 | W39: 0.60635517
B40: 상품 | C40: (주)엘지에너지솔루션 | E40: 748404620 | F40: 428623140 | G40: 319781480 | H40: 0.42728421 | I40: 2.9460561e+08 | J40: 25175869 | K40: 0.033639382
C41: POWERLOGICS BATHIEN | E41: 1803028 | F41: 928551 | G41: 874477 | H41: 0.48500467 | I41: 709752.65 | J41: 164724.35 | K41: 0.091359838
C42: ㈜ 파워로직스 | D42: PBMS | E42: 16090410 | F42: 9285510 | G42: 6804900 | H42: 0.42291651 | I42: 6333906.7 | J42: 470993.26 | K42: 0.029271675
B43: 상품 요약 | E43: 766298058 | F43: 438837201 | G43: 327460857 | H43: 0.42732831 | I43: 3.0164927e+08 | J43: 25811587 | K43: 0.033683482 | N43: 기타 요약 | Q43: 38675751 | R43: 29457469 | S43: 9218282 | T43: 0.23834785 | U43: 15224510 | V43: -6006227.5 | W43: -0.15529698
B44: 총합계 | E44: 3449303468 | F44: 2983419147 | G44: 465884321 | H44: 0.1350662 | I44: 1.3578005e+09 | J44: -891916163 | K44: -0.25857863 | N44: 상품 | O44: (주)엘지에너지솔루션 | Q44: 748404620 | R44: 428623140 | S44: 319781480 | T44: 0.42728421 | U44: 2.9460561e+08 | V44: 25175869 | W44: 0.033639382
O45: POWERLOGICS BATHIEN | Q45: 1803028 | R45: 928551 | S45: 874477 | T45: 0.48500467 | U45: 709752.65 | V45: 164724.35 | W45: 0.091359838
O46: ㈜ 파워로직스 | Q46: 16090410 | R46: 9285510 | S46: 6804900 | T46: 0.42291651 | U46: 6333906.7 | V46: 470993.26 | W46: 0.029271675
N47: 상품 요약 | Q47: 766298058 | R47: 438837201 | S47: 327460857 | T47: 0.42732831 | U47: 3.0164927e+08 | V47: 25811587 | W47: 0.033683482
N48: 총합계 | Q48: 3449303468 | R48: 2983419147 | S48: 465884321 | T48: 0.1350662 | U48: 1.3578005e+09 | V48: -891916163 | W48: -0.25857863

Sheet pa data(26년1월)
E1: WH제품 | F1: =SUMIF($C$9:$C$974,$E1,F$9:F$974) -> 0 | G1: =SUMIF($C$9:$C$974,$E1,G$9:G$974) -> 0 | H1: =SUMIF($C$9:$C$974,$E1,H$9:H$974) -> 0 | Q1: 3105328928 | R1: =+F7 -> 0 | T1: EBA02150AD | U1: =SUMIF(D:D,$T1,F:F)+SUMIF(D:D,$W1,F:F) -> 0 | V1: =SUMIF(D:D,$T1,H:H)+SUMIF(D:D,$W1,H:H) -> 0 | W1: EBA02150AF
E2: 상품 | F2: =SUMIF($C$9:$C$974,$E2,F$9:F$974) -> 0 | G2: =SUMIF($C$9:$C$974,$E2,G$9:G$974) -> 0 | H2: =SUMIF($C$9:$C$974,$E2,H$9:H$974) -> 0 | Q2: 1867677336 | R2: =+H7 -> 0 | S2: =+Q2-R2 -> 1867677336 | T2: EEA00597AB | U2: =SUMIF(D:D,$T2,F:F) -> 0 | V2: =SUMIF(D:D,$T2,H:H)+SUMIF(D:D,$W2,H:H) -> 0
E3: 부품 | F3: =SUMIF($C$9:$C$974,$E3,F$9:F$974) -> 0 | G3: =SUMIF($C$9:$C$974,$E3,G$9:G$974) -> 0 | H3: =SUMIF($C$9:$C$974,$E3,H$9:H$974) -> 0 | J3: 미이관예상 | Q3: 1498140440 | R3: =+J7 -> #DIV/0! | S3: =+Q3-R3 -> #DIV/0! | T3: EEA00596AB | U3: =SUMIF(D:D,$T3,F:F) -> 0 | V3: =SUMIF(D:D,$T3,H:H)+SUMIF(D:D,$W3,H:H) -> 0
E4: 기타 | F4: =SUMIF($C$9:$C$974,$E4,F$9:F$974) -> 0 | G4: =SUMIF($C$9:$C$974,$E4,G$9:G$974) -> 0 | H4: =SUMIF($C$9:$C$974,$E4,H$9:H$974) -> 0 | K4: 전체 운반비 | L4: 31405400 | Q4: =+Q1-Q2-Q3 -> -260488848 | R4: =+R1-R2-R3 -> #DIV/0! | T4: EEA00595AB | U4: =SUMIF(D:D,$T4,F:F) -> 0 | V4: =SUMIF(D:D,$T4,H:H)+SUMIF(D:D,$W4,H:H) -> 0
F5: =SUM(F1:F4) -> 0 | G5: =SUM(G1:G4) -> 0 | H5: =SUM(H1:H4) -> 0 | K5: 매출액 | L5: =+F7 -> 0 | Q5: fi | R5: co | T5: EBA02112AF | U5: =SUMIF(D:D,$T5,F:F) -> 0 | V5: =SUMIF(D:D,$T5,H:H)+SUMIF(D:D,$W5,H:H) -> 0
F6: 3494964112 | G6: 7328641 | H6: 2690181483 | I6: =+F6-H6 -> 804782629 | J6: 1433155682 | K6: =J6-L6 -> 1382534625 | L6: =47873947+2747110 -> 50621057 | M6: =I6-J6 -> -628373053 | Q6: =+Q4-R4 -> #DIV/0! | U6: =SUM(U1:U5) -> 0 | V6: =SUM(V1:V5) -> 0
F7: =SUM(F9:F974) -> 0 | G7: =SUM(G9:G974) -> 0 | H7: =SUM(H9:H974) -> 0 | I7: =SUM(I9:I974) -> 0 | J7: =SUM(J9:J974) -> #DIV/0! | K7: =SUM(K9:K974) -> #DIV/0! | L7: =SUM(L9:L974) -> #DIV/0! | M7: =SUM(M9:M974) -> #DIV/0!
A8: 고객 | B8: 고객명 | C8: 구분 | D8: 제품코드 | E8: 제품명 | F8: 매출액 합계 | G8: 매출수량 | H8: 매출원가 합계 | I8: 매출총이익 | J8: 총판관비 | K8: 기타 판관비 | L8: 운반비 | M8: 영업이익
I9: =+F9-H9 -> 0 | J9: =SUM(K9:L9) -> #DIV/0! | K9: =+F9/$F$7*$K$6 -> #DIV/0! | L9: =+F9/$F$7*$L$6 -> #DIV/0! | M9: =+I9-J9 -> #DIV/0!
I10: =+F10-H10 -> 0 | J10: =SUM(K10:L10) -> #DIV/0! | K10: =+F10/$F$7*$K$6 -> #DIV/0! | L10: =+F10/$F$7*$L$6 -> #DIV/0! | M10: =+I10-J10 -> #DIV/0!
I11: =+F11-H11 -> 0 | J11: =SUM(K11:L11) -> #DIV/0! | K11: =+F11/$F$7*$K$6 -> #DIV/0! | L11: =+F11/$F$7*$L$6 -> #DIV/0! | M11: =+I11-J11 -> #DIV/0!
I12: =+F12-H12 -> 0 | J12: =SUM(K12:L12) -> #DIV/0! | K12: =+F12/$F$7*$K$6 -> #DIV/0! | L12: =+F12/$F$7*$L$6 -> #DIV/0! | M12: =+I12-J12 -> #DIV/0!
I13: =+F13-H13 -> 0 | J13: =SUM(K13:L13) -> #DIV/0! | K13: =+F13/$F$7*$K$6 -> #DIV/0! | L13: =+F13/$F$7*$L$6 -> #DIV/0! | M13: =+I13-J13 -> #DIV/0!
I14: =+F14-H14 -> 0 | J14: =SUM(K14:L14) -> #DIV/0! | K14: =+F14/$F$7*$K$6 -> #DIV/0! | L14: =+F14/$F$7*$L$6 -> #DIV/0! | M14: =+I14-J14 -> #DIV/0!
I15: =+F15-H15 -> 0 | J15: =SUM(K15:L15) -> #DIV/0! | K15: =+F15/$F$7*$K$6 -> #DIV/0! | L15: =+F15/$F$7*$L$6 -> #DIV/0! | M15: =+I15-J15 -> #DIV/0!
I16: =+F16-H16 -> 0 | J16: =SUM(K16:L16) -> #DIV/0! | K16: =+F16/$F$7*$K$6 -> #DIV/0! | L16: =+F16/$F$7*$L$6 -> #DIV/0! | M16: =+I16-J16 -> #DIV/0!
I17: =+F17-H17 -> 0 | J17: =SUM(K17:L17) -> #DIV/0! | K17: =+F17/$F$7*$K$6 -> #DIV/0! | L17: =+F17/$F$7*$L$6 -> #DIV/0! | M17: =+I17-J17 -> #DIV/0!
I18: =+F18-H18 -> 0 | J18: =SUM(K18:L18) -> #DIV/0! | K18: =+F18/$F$7*$K$6 -> #DIV/0! | L18: =+F18/$F$7*$L$6 -> #DIV/0! | M18: =+I18-J18 -> #DIV/0!
I19: =+F19-H19 -> 0 | J19: =SUM(K19:L19) -> #DIV/0! | K19: =+F19/$F$7*$K$6 -> #DIV/0! | L19: =+F19/$F$7*$L$6 -> #DIV/0! | M19: =+I19-J19 -> #DIV/0!
I20: =+F20-H20 -> 0 | J20: =SUM(K20:L20) -> #DIV/0! | K20: =+F20/$F$7*$K$6 -> #DIV/0! | L20: =+F20/$F$7*$L$6 -> #DIV/0! | M20: =+I20-J20 -> #DIV/0!
... I160: =+F160-H160 -> 0 | J160: =SUM(K160:L160) -> #DIV/0! | K160: =+F160/$F$7*$K$6 -> #DIV/0! | L160: =+F160/$F$7*$L$6 -> #DIV/0! | M160: =+I160-J160 -> #DIV/0!

Sheet (계획)손익계산서 월별계획
B3: Plofit and Loss statement Plan FY 2026
P4: (단위:원)
B5: 구 분 | C5: F Y | D5: 12. lst y | E5: 1월 | F5: 2월 | G5: 3월 | H5: 4월 | I5: 5월 | J5: 6월 | K5: 7월 | L5: 8월 | M5: 9월 | N5: 10월 | O5: 11월 | P5: 12월
B6: Ⅰ. 매출액 | C6: =SUM(E6:P6) -> 4.7498576e+10 | D6: 0 | E6: =SUM(E7:E10) -> 1.8019737e+09 | F6: =SUM(F7:F10) -> 2.2671711e+09 | G6: =SUM(G7:G10) -> 3.2136919e+09 | H6: =SUM(H7:H10) -> 5.8756726e+09 | I6: =SUM(I7:I10) -> 3.0360047e+09 | J6: =SUM(J7:J10) -> 4.3987402e+09 | K6: =SUM(K7:K10) -> 4.1798454e+09 | L6: =SUM(L7:L10) -> 2.1316705e+09 | ... P6: =SUM(P7:P10) -> 1.262006e+10
B7: W/H | C7: =SUM(E7:P7) -> 0 | E7: =SUMIFS('(계획)26년 매출매입 월별계획'!E:E,'(계획)26년 매출매입 월별계획'!$T:$T,$B7,'(계획)26년 매출매입 월별계획'!$V:$V,"매출") -> 0 | F7: =SUMIFS('(계획)26년 매출매입 월별계획'!F:F,'(계획)26년 매출매입 월별계획'!$T:$T,$B7,'(계획)26년 매출매입 월별계획'!$V:$V,"매출") -> 0 | G7: =SUMIFS('(계획)26년 매출매입 월별계획'!G:G,'(계획)26년 매출매입 월별계획'!$T:$T,$B7,'(계획)26년 매출매입 월별계획'!$V:$V,"매출") -> 0 | H7: =SUMIFS('(계획)26년 매출매입 월별계획'!H:H,'(계획)26년 매출매입 월별계획'!$T:$T,$B7,'(계획)26년 매출매입 월별계획'!$V:$V,"매출") -> 0 | I7: =SUMIFS('(계획)26년 매출매입 월별계획'!I:I,'(계획)26년 매출매입 월별계획'!$T:$T,$B7,'(계획)26년 매출매입 월별계획'!$V:$V,"매출") -> 0 | J7: =SUMIFS('(계획)26년 매출매입 월별계획'!J:J,'(계획)26년 매출매입 월별계획'!$T:$T,$B7,'(계획)26년 매출매입 월별계획'!$V:$V,"매출") -> 0 | K7: =SUMIFS('(계획)26년 매출매입 월별계획'!K:K,'(계획)26년 매출매입 월별계획'!$T:$T,$B7,'(계획)26년 매출매입 월별계획'!$V:$V,"매출") -> 0 | L7: =SUMIFS('(계획)26년 매출매입 월별계획'!L:L,'(계획)26년 매출매입 월별계획'!$T:$T,$B7,'(계획)26년 매출매입 월별계획'!$V:$V,"매출") -> 0 | M7: =SUMIFS('(계획)26년 매출매입 월별계획'!M:M,'(계획)26년 매출매입 월별계획'!$T:$T,$B7,'(계획)26년 매출매입 월별계획'!$V:$V,"매출") -> 0 | N7: =SUMIFS('(계획)26년 매출매입 월별계획'!N:N,'(계획)26년 매출매입 월별계획'!$T:$T,$B7,'(계획)26년 매출매입 월별계획'!$V:$V,"매출") -> 0 | O7: =SUMIFS('(계획)26년 매출매입 월별계획'!O:O,'(계획)26년 매출매입 월별계획'!$T:$T,$B7,'(계획)26년 매출매입 월별계획'!$V:$V,"매출") -> 0 | P7: =SUMIFS('(계획)26년 매출매입 월별계획'!P:P,'(계획)26년 매출매입 월별계획'!$T:$T,$B7,'(계획)26년 매출매입 월별계획'!$V:$V,"매출") -> 0
B8: 상품 | C8: =SUM(E8:P8) -> 9059168350 | E8: =SUMIFS('(계획)26년 매출매입 월별계획'!E:E,'(계획)26년 매출매입 월별계획'!$T:$T,$B8,'(계획)26년 매출매입 월별계획'!$V:$V,"매출") -> 268009000 | F8: =SUMIFS('(계획)26년 매출매입 월별계획'!F:F,'(계획)26년 매출매입 월별계획'!$T:$T,$B8,'(계획)26년 매출매입 월별계획'!$V:$V,"매출") -> 470499568 | G8: =SUMIFS('(계획)26년 매출매입 월별계획'!G:G,'(계획)26년 매출매입 월별계획'!$T:$T,$B8,'(계획)26년 매출매입 월별계획'!$V:$V,"매출") -> 581814052 | H8: =SUMIFS('(계획)26년 매출매입 월별계획'!H:H,'(계획)26년 매출매입 월별계획'!$T:$T,$B8,'(계획)26년 매출매입 월별계획'!$V:$V,"매출") -> 916682560 | I8: =SUMIFS('(계획)26년 매출매입 월별계획'!I:I,'(계획)26년 매출매입 월별계획'!$T:$T,$B8,'(계획)26년 매출매입 월별계획'!$V:$V,"매출") -> 897375852 | J8: =SUMIFS('(계획)26년 매출매입 월별계획'!J:J,'(계획)26년 매출매입 월별계획'!$T:$T,$B8,'(계획)26년 매출매입 월별계획'!$V:$V,"매출") -> 903742952 | K8: =SUMIFS('(계획)26년 매출매입 월별계획'!K:K,'(계획)26년 매출매입 월별계획'!$T:$T,$B8,'(계획)26년 매출매입 월별계획'!$V:$V,"매출") -> 1032380066 | L8: =SUMIFS('(계획)26년 매출매입 월별계획'!L:L,'(계획)26년 매출매입 월별계획'!$T:$T,$B8,'(계획)26년 매출매입 월별계획'!$V:$V,"매출") -> 832505164 | M8: =SUMIFS('(계획)26년 매출매입 월별계획'!M:M,'(계획)26년 매출매입 월별계획'!$T:$T,$B8,'(계획)26년 매출매입 월별계획'!$V:$V,"매출") -> 841903084 | N8: =SUMIFS('(계획)26년 매출매입 월별계획'!N:N,'(계획)26년 매출매입 월별계획'!$T:$T,$B8,'(계획)26년 매출매입 월별계획'!$V:$V,"매출") -> 771418684 | O8: =SUMIFS('(계획)26년 매출매입 월별계획'!O:O,'(계획)26년 매출매입 월별계획'!$T:$T,$B8,'(계획)26년 매출매입 월별계획'!$V:$V,"매출") -> 771418684 | P8: =SUMIFS('(계획)26년 매출매입 월별계획'!P:P,'(계획)26년 매출매입 월별계획'!$T:$T,$B8,'(계획)26년 매출매입 월별계획'!$V:$V,"매출") -> 771418684
B9: 부품 | C9: =SUM(E9:P9) -> 2.204985e+10 | E9: =SUMIFS('(계획)26년 매출매입 월별계획'!E:E,'(계획)26년 매출매입 월별계획'!$T:$T,$B9,'(계획)26년 매출매입 월별계획'!$V:$V,"매출") -> 1.5339647e+09 | F9: =SUMIFS('(계획)26년 매출매입 월별계획'!F:F,'(계획)26년 매출매입 월별계획'!$T:$T,$B9,'(계획)26년 매출매입 월별계획'!$V:$V,"매출") -> 1.7966715e+09 | G9: =SUMIFS('(계획)26년 매출매입 월별계획'!G:G,'(계획)26년 매출매입 월별계획'!$T:$T,$B9,'(계획)26년 매출매입 월별계획'!$V:$V,"매출") -> 2.1252148e+09 | H9: =SUMIFS('(계획)26년 매출매입 월별계획'!H:H,'(계획)26년 매출매입 월별계획'!$T:$T,$B9,'(계획)26년 매출매입 월별계획'!$V:$V,"매출") -> 1.966594e+09 | I9: =SUMIFS('(계획)26년 매출매입 월별계획'!I:I,'(계획)26년 매출매입 월별계획'!$T:$T,$B9,'(계획)26년 매출매입 월별계획'!$V:$V,"매출") -> 2.0665289e+09 | J9: =SUMIFS('(계획)26년 매출매입 월별계획'!J:J,'(계획)26년 매출매입 월별계획'!$T:$T,$B9,'(계획)26년 매출매입 월별계획'!$V:$V,"매출") -> 2.1590029e+09 | K9: =SUMIFS('(계획)26년 매출매입 월별계획'!K:K,'(계획)26년 매출매입 월별계획'!$T:$T,$B9,'(계획)26년 매출매입 월별계획'!$V:$V,"매출") -> 1.7007817e+09 | L9: =SUMIFS('(계획)26년 매출매입 월별계획'!L:L,'(계획)26년 매출매입 월별계획'!$T:$T,$B9,'(계획)26년 매출매입 월별계획'!$V:$V,"매출") -> 1.2991653e+09 | M9: =SUMIFS('(계획)26년 매출매입 월별계획'!M:M,'(계획)26년 매출매입 월별계획'!$T:$T,$B9,'(계획)26년 매출매입 월별계획'!$V:$V,"매출") -> 1.7509651e+09 | N9: =SUMIFS('(계획)26년 매출매입 월별계획'!N:N,'(계획)26년 매출매입 월별계획'!$T:$T,$B9,'(계획)26년 매출매입 월별계획'!$V:$V,"매출") -> 1.8953783e+09 | O9: =SUMIFS('(계획)26년 매출매입 월별계획'!O:O,'(계획)26년 매출매입 월별계획'!$T:$T,$B9,'(계획)26년 매출매입 월별계획'!$V:$V,"매출") -> 1.7841573e+09 | P9: =SUMIFS('(계획)26년 매출매입 월별계획'!P:P,'(계획)26년 매출매입 월별계획'!$T:$T,$B9,'(계획)26년 매출매입 월별계획'!$V:$V,"매출") -> 1.971425e+09
B10: 기타 | C10: =SUM(E10:P10) -> 16389558229 | E10: =SUMIFS('(계획)26년 매출매입 월별계획'!E:E,'(계획)26년 매출매입 월별계획'!$R:$R,'(계획)손익계산서 월별계획'!$B$10,'(계획)26년 매출매입 월별계획'!$V:$V,"매출") -> 0 | F10: =SUMIFS('(계획)26년 매출매입 월별계획'!F:F,'(계획)26년 매출매입 월별계획'!$R:$R,'(계획)손익계산서 월별계획'!$B$10,'(계획)26년 매출매입 월별계획'!$V:$V,"매출") -> 0 | G10: =SUMIFS('(계획)26년 매출매입 월별계획'!G:G,'(계획)26년 매출매입 월별계획'!$R:$R,'(계획)손익계산서 월별계획'!$B$10,'(계획)26년 매출매입 월별계획'!$V:$V,"매출") -> 506663000 | H10: =SUMIFS('(계획)26년 매출매입 월별계획'!H:H,'(계획)26년 매출매입 월별계획'!$R:$R,'(계획)손익계산서 월별계획'!$B$10,'(계획)26년 매출매입 월별계획'!$V:$V,"매출") -> 2992396000 | I10: =SUMIFS('(계획)26년 매출매입 월별계획'!I:I,'(계획)26년 매출매입 월별계획'!$R:$R,'(계획)손익계산서 월별계획'!$B$10,'(계획)26년 매출매입 월별계획'!$V:$V,"매출") -> 72100000 | J10: =SUMIFS('(계획)26년 매출매입 월별계획'!J:J,'(계획)26년 매출매입 월별계획'!$R:$R,'(계획)손익계산서 월별계획'!$B$10,'(계획)26년 매출매입 월별계획'!$V:$V,"매출") -> 1335994400 | K10: =SUMIFS('(계획)26년 매출매입 월별계획'!K:K,'(계획)26년 매출매입 월별계획'!$R:$R,'(계획)손익계산서 월별계획'!$B$10,'(계획)26년 매출매입 월별계획'!$V:$V,"매출") -> 1446683600 | L10: =SUMIFS('(계획)26년 매출매입 월별계획'!L:L,'(계획)26년 매출매입 월별계획'!$R:$R,'(계획)손익계산서 월별계획'!$B$10,'(계획)26년 매출매입 월별계획'!$V:$V,"매출") -> 0 | M10: =SUMIFS('(계획)26년 매출매입 월별계획'!M:M,'(계획)26년 매출매입 월별계획'!$R:$R,'(계획)손익계산서 월별계획'!$B$10,'(계획)26년 매출매입 월별계획'!$V:$V,"매출") -> 158505000 | N10: =SUMIFS('(계획)26년 매출매입 월별계획'!N:N,'(계획)26년 매출매입 월별계획'!$R:$R,'(계획)손익계산서 월별계획'!$B$10,'(계획)26년 매출매입 월별계획'!$V:$V,"매출") -> 0 | O10: =SUMIFS('(계획)26년 매출매입 월별계획'!O:O,'(계획)26년 매출매입 월별계획'!$R:$R,'(계획)손익계산서 월별계획'!$B$10,'(계획)26년 매출매입 월별계획'!$V:$V,"매출") -> 0 | P10: =SUMIFS('(계획)26년 매출매입 월별계획'!P:P,'(계획)26년 매출매입 월별계획'!$R:$R,'(계획)손익계산서 월별계획'!$B$10,'(계획)26년 매출매입 월별계획'!$V:$V,"매출") -> 9877216229
B11: Ⅱ. 매출원가 | C11: =SUM(E11:P11) -> 4.0951464e+10 | E11: =SUM(E12:E15) -> 1.6463422e+09 | F11: =SUM(F12:F15) -> 2.0091019e+09 | G11: =SUM(G12:G15) -> 2.5235449e+09 | H11: =SUM(H12:H15) -> 5.3849733e+09 | I11: =SUM(I12:I15) -> 2.5856495e+09 | J11: =SUM(J12:J15) -> 2.9354813e+09 | K11: =SUM(K12:K15) -> 3.6868062e+09 | L11: =SUM(L12:L15) -> 1.7355754e+09 | ... P11: =SUM(P12:P15) -> 1.1654289e+10
B12: W/H | C12: =SUM(E12:P12) -> 0 | E12: =SUMIFS('(계획)26년 매출매입 월별계획'!E:E,'(계획)26년 매출매입 월별계획'!$T:$T,$B12,'(계획)26년 매출매입 월별계획'!$V:$V,"매입") -> 0 | F12: =SUMIFS('(계획)26년 매출매입 월별계획'!F:F,'(계획)26년 매출매입 월별계획'!$T:$T,$B12,'(계획)26년 매출매입 월별계획'!$V:$V,"매입") -> 0 | G12: =SUMIFS('(계획)26년 매출매입 월별계획'!G:G,'(계획)26년 매출매입 월별계획'!$T:$T,$B12,'(계획)26년 매출매입 월별계획'!$V:$V,"매입") -> 0 | H12: =SUMIFS('(계획)26년 매출매입 월별계획'!H:H,'(계획)26년 매출매입 월별계획'!$T:$T,$B12,'(계획)26년 매출매입 월별계획'!$V:$V,"매입") -> 0 | I12: =SUMIFS('(계획)26년 매출매입 월별계획'!I:I,'(계획)26년 매출매입 월별계획'!$T:$T,$B12,'(계획)26년 매출매입 월별계획'!$V:$V,"매입") -> 0 | J12: =SUMIFS('(계획)26년 매출매입 월별계획'!J:J,'(계획)26년 매출매입 월별계획'!$T:$T,$B12,'(계획)26년 매출매입 월별계획'!$V:$V,"매입") -> 0 | K12: =SUMIFS('(계획)26년 매출매입 월별계획'!K:K,'(계획)26년 매출매입 월별계획'!$T:$T,$B12,'(계획)26년 매출매입 월별계획'!$V:$V,"매입") -> 0 | L12: =SUMIFS('(계획)26년 매출매입 월별계획'!L:L,'(계획)26년 매출매입 월별계획'!$T:$T,$B12,'(계획)26년 매출매입 월별계획'!$V:$V,"매입") -> 0 | M12: =SUMIFS('(계획)26년 매출매입 월별계획'!M:M,'(계획)26년 매출매입 월별계획'!$T:$T,$B12,'(계획)26년 매출매입 월별계획'!$V:$V,"매입") -> 0 | N12: =SUMIFS('(계획)26년 매출매입 월별계획'!N:N,'(계획)26년 매출매입 월별계획'!$T:$T,$B12,'(계획)26년 매출매입 월별계획'!$V:$V,"매입") -> 0 | O12: =SUMIFS('(계획)26년 매출매입 월별계획'!O:O,'(계획)26년 매출매입 월별계획'!$T:$T,$B12,'(계획)26년 매출매입 월별계획'!$V:$V,"매입") -> 0 | P12: =SUMIFS('(계획)26년 매출매입 월별계획'!P:P,'(계획)26년 매출매입 월별계획'!$T:$T,$B12,'(계획)26년 매출매입 월별계획'!$V:$V,"매입") -> 0
B13: 상품 | C13: =SUM(E13:P13) -> 5125883039 | D13: 0 | E13: =SUMIFS('(계획)26년 매출매입 월별계획'!E:E,'(계획)26년 매출매입 월별계획'!$T:$T,$B13,'(계획)26년 매출매입 월별계획'!$V:$V,"매입") -> 154758500 | F13: =SUMIFS('(계획)26년 매출매입 월별계획'!F:F,'(계획)26년 매출매입 월별계획'!$T:$T,$B13,'(계획)26년 매출매입 월별계획'!$V:$V,"매입") -> 261536528 | G13: =SUMIFS('(계획)26년 매출매입 월별계획'!G:G,'(계획)26년 매출매입 월별계획'!$T:$T,$B13,'(계획)26년 매출매입 월별계획'!$V:$V,"매입") -> 3.205398e+08 | H13: =SUMIFS('(계획)26년 매출매입 월별계획'!H:H,'(계획)26년 매출매입 월별계획'!$T:$T,$B13,'(계획)26년 매출매입 월별계획'!$V:$V,"매입") -> 517598810 | I13: =SUMIFS('(계획)26년 매출매입 월별계획'!I:I,'(계획)26년 매출매입 월별계획'!$T:$T,$B13,'(계획)26년 매출매입 월별계획'!$V:$V,"매입") -> 506557096 | J13: =SUMIFS('(계획)26년 매출매입 월별계획'!J:J,'(계획)26년 매출매입 월별계획'!$T:$T,$B13,'(계획)26년 매출매입 월별계획'!$V:$V,"매입") -> 510213692 | K13: =SUMIFS('(계획)26년 매출매입 월별계획'!K:K,'(계획)26년 매출매입 월별계획'!$T:$T,$B13,'(계획)26년 매출매입 월별계획'!$V:$V,"매입") -> 5.8745998e+08 | L13: =SUMIFS('(계획)26년 매출매입 월별계획'!L:L,'(계획)26년 매출매입 월별계획'!$T:$T,$B13,'(계획)26년 매출매입 월별계획'!$V:$V,"매입") -> 4.7283164e+08 | M13: =SUMIFS('(계획)26년 매출매입 월별계획'!M:M,'(계획)26년 매출매입 월별계획'!$T:$T,$B13,'(계획)26년 매출매입 월별계획'!$V:$V,"매입") -> 4.7807161e+08 | N13: =SUMIFS('(계획)26년 매출매입 월별계획'!N:N,'(계획)26년 매출매입 월별계획'!$T:$T,$B13,'(계획)26년 매출매입 월별계획'!$V:$V,"매입") -> 4.3877179e+08 | O13: =SUMIFS('(계획)26년 매출매입 월별계획'!O:O,'(계획)26년 매출매입 월별계획'!$T:$T,$B13,'(계획)26년 매출매입 월별계획'!$V:$V,"매입") -> 4.3877179e+08 | P13: =SUMIFS('(계획)26년 매출매입 월별계획'!P:P,'(계획)26년 매출매입 월별계획'!$T:$T,$B13,'(계획)26년 매출매입 월별계획'!$V:$V,"매입") -> 4.3877179e+08
B14: 부품 | C14: =SUM(E14:P14) -> 2.1403973e+10 | E14: =SUMIFS('(계획)26년 매출매입 월별계획'!E:E,'(계획)26년 매출매입 월별계획'!$T:$T,$B14,'(계획)26년 매출매입 월별계획'!$V:$V,"매입") -> 1.4891561e+09 | F14: =SUMIFS('(계획)26년 매출매입 월별계획'!F:F,'(계획)26년 매출매입 월별계획'!$T:$T,$B14,'(계획)26년 매출매입 월별계획'!$V:$V,"매입") -> 1.7451378e+09 | G14: =SUMIFS('(계획)26년 매출매입 월별계획'!G:G,'(계획)26년 매출매입 월별계획'!$T:$T,$B14,'(계획)26년 매출매입 월별계획'!$V:$V,"매입") -> 2.0645775e+09 | H14: =SUMIFS('(계획)26년 매출매입 월별계획'!H:H,'(계획)26년 매출매입 월별계획'!$T:$T,$B14,'(계획)26년 매출매입 월별계획'!$V:$V,"매입") -> 1.9100469e+09 | I14: =SUMIFS('(계획)26년 매출매입 월별계획'!I:I,'(계획)26년 매출매입 월별계획'!$T:$T,$B14,'(계획)26년 매출매입 월별계획'!$V:$V,"매입") -> 2.0066648e+09 | J14: =SUMIFS('(계획)26년 매출매입 월별계획'!J:J,'(계획)26년 매출매입 월별계획'!$T:$T,$B14,'(계획)26년 매출매입 월별계획'!$V:$V,"매입") -> 2.0955401e+09 | K14: =SUMIFS('(계획)26년 매출매입 월별계획'!K:K,'(계획)26년 매출매입 월별계획'!$T:$T,$B14,'(계획)26년 매출매입 월별계획'!$V:$V,"매입") -> 1.6502351e+09 | L14: =SUMIFS('(계획)26년 매출매입 월별계획'!L:L,'(계획)26년 매출매입 월별계획'!$T:$T,$B14,'(계획)26년 매출매입 월별계획'!$V:$V,"매입") -> 1.2603162e+09 | M14: =SUMIFS('(계획)26년 매출매입 월별계획'!M:M,'(계획)26년 매출매입 월별계획'!$T:$T,$B14,'(계획)26년 매출매입 월별계획'!$V:$V,"매입") -> 1.6989568e+09 | N14: =SUMIFS('(계획)26년 매출매입 월별계획'!N:N,'(계획)26년 매출매입 월별계획'!$T:$T,$B14,'(계획)26년 매출매입 월별계획'!$V:$V,"매입") -> 1.8391638e+09 | O14: =SUMIFS('(계획)26년 매출매입 월별계획'!O:O,'(계획)26년 매출매입 월별계획'!$T:$T,$B14,'(계획)26년 매출매입 월별계획'!$V:$V,"매입") -> 1.7311822e+09 | P14: =SUMIFS('(계획)26년 매출매입 월별계획'!P:P,'(계획)26년 매출매입 월별계획'!$T:$T,$B14,'(계획)26년 매출매입 월별계획'!$V:$V,"매입") -> 1.9129955e+09
B15: 기타 | C15: =SUM(E15:P15) -> 1.4421608e+10 | E15: =SUMIFS('(계획)26년 매출매입 월별계획'!E:E,'(계획)26년 매출매입 월별계획'!$R:$R,'(계획)손익계산서 월별계획'!$B$15,'(계획)26년 매출매입 월별계획'!$V:$V,"매입") -> 2427572.4 | F15: =SUMIFS('(계획)26년 매출매입 월별계획'!F:F,'(계획)26년 매출매입 월별계획'!$R:$R,'(계획)손익계산서 월별계획'!$B$15,'(계획)26년 매출매입 월별계획'!$V:$V,"매입") -> 2427572.4 | G15: =SUMIFS('(계획)26년 매출매입 월별계획'!G:G,'(계획)26년 매출매입 월별계획'!$R:$R,'(계획)손익계산서 월별계획'!$B$15,'(계획)26년 매출매입 월별계획'!$V:$V,"매입") -> 1.3842757e+08 | H15: =SUMIFS('(계획)26년 매출매입 월별계획'!H:H,'(계획)26년 매출매입 월별계획'!$R:$R,'(계획)손익계산서 월별계획'!$B$15,'(계획)26년 매출매입 월별계획'!$V:$V,"매입") -> 2.9573276e+09 | I15: =SUMIFS('(계획)26년 매출매입 월별계획'!I:I,'(계획)26년 매출매입 월별계획'!$R:$R,'(계획)손익계산서 월별계획'!$B$15,'(계획)26년 매출매입 월별계획'!$V:$V,"매입") -> 72427572 | J15: =SUMIFS('(계획)26년 매출매입 월별계획'!J:J,'(계획)26년 매출매입 월별계획'!$R:$R,'(계획)손익계산서 월별계획'!$B$15,'(계획)26년 매출매입 월별계획'!$V:$V,"매입") -> 3.2972757e+08 | K15: =SUMIFS('(계획)26년 매출매입 월별계획'!K:K,'(계획)26년 매출매입 월별계획'!$R:$R,'(계획)손익계산서 월별계획'!$B$15,'(계획)26년 매출매입 월별계획'!$V:$V,"매입") -> 1.4491112e+09 | L15: =SUMIFS('(계획)26년 매출매입 월별계획'!L:L,'(계획)26년 매출매입 월별계획'!$R:$R,'(계획)손익계산서 월별계획'!$B$15,'(계획)26년 매출매입 월별계획'!$V:$V,"매입") -> 2427572.4 | M15: =SUMIFS('(계획)26년 매출매입 월별계획'!M:M,'(계획)26년 매출매입 월별계획'!$R:$R,'(계획)손익계산서 월별계획'!$B$15,'(계획)26년 매출매입 월별계획'!$V:$V,"매입") -> 1.5992757e+08 | N15: =SUMIFS('(계획)26년 매출매입 월별계획'!N:N,'(계획)26년 매출매입 월별계획'!$R:$R,'(계획)손익계산서 월별계획'!$B$15,'(계획)26년 매출매입 월별계획'!$V:$V,"매입") -> 2427572.4 | O15: =SUMIFS('(계획)26년 매출매입 월별계획'!O:O,'(계획)26년 매출매입 월별계획'!$R:$R,'(계획)손익계산서 월별계획'!$B$15,'(계획)26년 매출매입 월별계획'!$V:$V,"매입") -> 2427572.4 | P15: =SUMIFS('(계획)26년 매출매입 월별계획'!P:P,'(계획)26년 매출매입 월별계획'!$R:$R,'(계획)손익계산서 월별계획'!$B$15,'(계획)26년 매출매입 월별계획'!$V:$V,"매입") -> 9.3025212e+09
B16: Ⅲ. 매출총이익 | C16: =SUM(E16:P16) -> 6.5471122e+09 | D16: 0 | E16: =+E6-E11 -> 1.5563154e+08 | F16: =+F6-F11 -> 2.5806917e+08 | G16: =+G6-G11 -> 6.9014697e+08 | H16: =+H6-H11 -> 4.9069924e+08 | I16: =+I6-I11 -> 4.5035521e+08 | J16: =+J6-J11 -> 1.4632589e+09 | K16: =+K6-K11 -> 4.9303919e+08 | L16: =+L6-L11 -> 3.9609506e+08 | ... P16: =+P6-P11 -> 9.6577141e+08
B17: (이익률) | C17: =IFERROR(C16/C6,0) -> 0.13783807 | D17: 0 | E17: =IFERROR(E16/E6,0) -> 0.086367264 | F17: =IFERROR(F16/F6,0) -> 0.11382872 | G17: =IFERROR(G16/G6,0) -> 0.21475207 | H17: =IFERROR(H16/H6,0) -> 0.083513715 | I17: =IFERROR(I16/I6,0) -> 0.14833811 | J17: =IFERROR(J16/J6,0) -> 0.33265408 | K17: =IFERROR(K16/K6,0) -> 0.11795632 | L17: =IFERROR(L16/L6,0) -> 0.1858144 | ... P17: =IFERROR(P16/P6,0) -> 0.07652669
B18: Ⅳ.판매관리비 | C18: =SUM(E18:P18) -> 1.6095021e+10 | E18: =SUM(E19,E35,E53) -> 1.367928e+09 | F18: =SUM(F19,F35,F53) -> 1.5471097e+09 | G18: =SUM(G19,G35,G53) -> 1.4827872e+09 | H18: =SUM(H19,H35,H53) -> 1.350987e+09 | I18: =SUM(I19,I35,I53) -> 1.1967927e+09 | J18: =SUM(J19,J35,J53) -> 1.3688464e+09 | K18: =SUM(K19,K35,K53) -> 1.291439e+09 | L18: =SUM(L19,L35,L53) -> 1.2417071e+09 | ... P18: =SUM(P19,P35,P53) -> 1.4385923e+09
B19: [판매비] | C19: =SUM(E19:P19) -> 1.6176997e+09 | E19: =SUM(E20:E33) -> 1.415064e+08 | F19: =SUM(F20:F33) -> 1.3831112e+08 | G19: =SUM(G20:G33) -> 1.3316199e+08 | H19: =SUM(H20:H33) -> 1.3375119e+08 | I19: =SUM(I20:I33) -> 1.1364247e+08 | J19: =SUM(J20:J33) -> 1.4080895e+08 | K19: =SUM(K20:K33) -> 1.1933504e+08 | L19: =SUM(L20:L33) -> 1.3302336e+08 | ... P19: =SUM(P20:P33) -> 1.5510538e+08
B20: 인건비 | C20: =SUM(E20:P20) -> 7.1526467e+08 | E20: =SUMIFS('(계획)비용계획 상세_26년'!K:K,'(계획)비용계획 상세_26년'!$I:$I,'(계획)손익계산서 월별계획'!$B$19,'(계획)비용계획 상세_26년'!$B:$B,'(계획)손익계산서 월별계획'!$B20) -> 56724044 | F20: =SUMIFS('(계획)비용계획 상세_26년'!L:L,'(계획)비용계획 상세_26년'!$I:$I,'(계획)손익계산서 월별계획'!$B$19,'(계획)비용계획 상세_26년'!$B:$B,'(계획)손익계산서 월별계획'!$B20) -> 65666944 | G20: =SUMIFS('(계획)비용계획 상세_26년'!M:M,'(계획)비용계획 상세_26년'!$I:$I,'(계획)손익계산서 월별계획'!$B$19,'(계획)비용계획 상세_26년'!$B:$B,'(계획)손익계산서 월별계획'!$B20) -> 55820911 | H20: =SUMIFS('(계획)비용계획 상세_26년'!N:N,'(계획)비용계획 상세_26년'!$I:$I,'(계획)손익계산서 월별계획'!$B$19,'(계획)비용계획 상세_26년'!$B:$B,'(계획)손익계산서 월별계획'!$B20) -> 60638160 | I20: =SUMIFS('(계획)비용계획 상세_26년'!O:O,'(계획)비용계획 상세_26년'!$I:$I,'(계획)손익계산서 월별계획'!$B$19,'(계획)비용계획 상세_26년'!$B:$B,'(계획)손익계산서 월별계획'!$B20) -> 50594871 | J20: =SUMIFS('(계획)비용계획 상세_26년'!P:P,'(계획)비용계획 상세_26년'!$I:$I,'(계획)손익계산서 월별계획'!$B$19,'(계획)비용계획 상세_26년'!$B:$B,'(계획)손익계산서 월별계획'!$B20) -> 62780442 | K20: =SUMIFS('(계획)비용계획 상세_26년'!Q:Q,'(계획)비용계획 상세_26년'!$I:$I,'(계획)손익계산서 월별계획'!$B$19,'(계획)비용계획 상세_26년'!$B:$B,'(계획)손익계산서 월별계획'!$B20) -> 59413755 | L20: =SUMIFS('(계획)비용계획 상세_26년'!R:R,'(계획)비용계획 상세_26년'!$I:$I,'(계획)손익계산서 월별계획'!$B$19,'(계획)비용계획 상세_26년'!$B:$B,'(계획)손익계산서 월별계획'!$B20) -> 56282442 | M20: =SUMIFS('(계획)비용계획 상세_26년'!S:S,'(계획)비용계획 상세_26년'!$I:$I,'(계획)손익계산서 월별계획'!$B$19,'(계획)비용계획 상세_26년'!$B:$B,'(계획)손익계산서 월별계획'!$B20) -> 56219110 | N20: =SUMIFS('(계획)비용계획 상세_26년'!T:T,'(계획)비용계획 상세_26년'!$I:$I,'(계획)손익계산서 월별계획'!$B$19,'(계획)비용계획 상세_26년'!$B:$B,'(계획)손익계산서 월별계획'!$B20) -> 60387440 | O20: =SUMIFS('(계획)비용계획 상세_26년'!U:U,'(계획)비용계획 상세_26년'!$I:$I,'(계획)손익계산서 월별계획'!$B$19,'(계획)비용계획 상세_26년'!$B:$B,'(계획)손익계산서 월별계획'!$B20) -> 63091228 | P20: =SUMIFS('(계획)비용계획 상세_26년'!V:V,'(계획)비용계획 상세_26년'!$I:$I,'(계획)손익계산서 월별계획'!$B$19,'(계획)비용계획 상세_26년'!$B:$B,'(계획)손익계산서 월별계획'!$B20) -> 67645323
B21: 유지비용 | C21: =SUM(E21:P21) -> 12041448 | E21: =SUMIFS('(계획)비용계획 상세_26년'!K:K,'(계획)비용계획 상세_26년'!$I:$I,'(계획)손익계산서 월별계획'!$B$19,'(계획)비용계획 상세_26년'!$B:$B,'(계획)손익계산서 월별계획'!$B21) -> 1003454 | F21: =SUMIFS('(계획)비용계획 상세_26년'!L:L,'(계획)비용계획 상세_26년'!$I:$I,'(계획)손익계산서 월별계획'!$B$19,'(계획)비용계획 상세_26년'!$B:$B,'(계획)손익계산서 월별계획'!$B21) -> 1003454 | G21: =SUMIFS('(계획)비용계획 상세_26년'!M:M,'(계획)비용계획 상세_26년'!$I:$I,'(계획)손익계산서 월별계획'!$B$19,'(계획)비용계획 상세_26년'!$B:$B,'(계획)손익계산서 월별계획'!$B21) -> 1003454 | H21: =SUMIFS('(계획)비용계획 상세_26년'!N:N,'(계획)비용계획 상세_26년'!$I:$I,'(계획)손익계산서 월별계획'!$B$19,'(계획)비용계획 상세_26년'!$B:$B,'(계획)손익계산서 월별계획'!$B21) -> 1003454 | I21: =SUMIFS('(계획)비용계획 상세_26년'!O:O,'(계획)비용계획 상세_26년'!$I:$I,'(계획)손익계산서 월별계획'!$B$19,'(계획)비용계획 상세_26년'!$B:$B,'(계획)손익계산서 월별계획'!$B21) -> 1003454 | J21: =SUMIFS('(계획)비용계획 상세_26년'!P:P,'(계획)비용계획 상세_26년'!$I:$I,'(계획)손익계산서 월별계획'!$B$19,'(계획)비용계획 상세_26년'!$B:$B,'(계획)손익계산서 월별계획'!$B21) -> 1003454 | K21: =SUMIFS('(계획)비용계획 상세_26년'!Q:Q,'(계획)비용계획 상세_26년'!$I:$I,'(계획)손익계산서 월별계획'!$B$19,'(계획)비용계획 상세_26년'!$B:$B,'(계획)손익계산서 월별계획'!$B21) -> 1003454 | L21: =SUMIFS('(계획)비용계획 상세_26년'!R:R,'(계획)비용계획 상세_26년'!$I:$I,'(계획)손익계산서 월별계획'!$B$19,'(계획)비용계획 상세_26년'!$B:$B,'(계획)손익계산서 월별계획'!$B21) -> 1003454 | M21: =SUMIFS('(계획)비용계획 상세_26년'!S:S,'(계획)비용계획 상세_26년'!$I:$I,'(계획)손익계산서 월별계획'!$B$19,'(계획)비용계획 상세_26년'!$B:$B,'(계획)손익계산서 월별계획'!$B21) -> 1003454 | N21: =SUMIFS('(계획)비용계획 상세_26년'!T:T,'(계획)비용계획 상세_26년'!$I:$I,'(계획)손익계산서 월별계획'!$B$19,'(계획)비용계획 상세_26년'!$B:$B,'(계획)손익계산서 월별계획'!$B21) -> 1003454 | O21: =SUMIFS('(계획)비용계획 상세_26년'!U:U,'(계획)비용계획 상세_26년'!$I:$I,'(계획)손익계산서 월별계획'!$B$19,'(계획)비용계획 상세_26년'!$B:$B,'(계획)손익계산서 월별계획'!$B21) -> 1003454 | P21: =SUMIFS('(계획)비용계획 상세_26년'!V:V,'(계획)비용계획 상세_26년'!$I:$I,'(계획)손익계산서 월별계획'!$B$19,'(계획)비용계획 상세_26년'!$B:$B,'(계획)손익계산서 월별계획'!$B21) -> 1003454
B22: 세금,보험 | C22: =SUM(E22:P22) -> 60201580 | E22: =SUMIFS('(계획)비용계획 상세_26년'!K:K,'(계획)비용계획 상세_26년'!$I:$I,'(계획)손익계산서 월별계획'!$B$19,'(계획)비용계획 상세_26년'!$B:$B,'(계획)손익계산서 월별계획'!$B22) -> 4668588 | F22: =SUMIFS('(계획)비용계획 상세_26년'!L:L,'(계획)비용계획 상세_26년'!$I:$I,'(계획)손익계산서 월별계획'!$B$19,'(계획)비용계획 상세_26년'!$B:$B,'(계획)손익계산서 월별계획'!$B22) -> 5112318 | G22: =SUMIFS('(계획)비용계획 상세_26년'!M:M,'(계획)비용계획 상세_26년'!$I:$I,'(계획)손익계산서 월별계획'!$B$19,'(계획)비용계획 상세_26년'!$B:$B,'(계획)손익계산서 월별계획'!$B22) -> 4668588 | H22: =SUMIFS('(계획)비용계획 상세_26년'!N:N,'(계획)비용계획 상세_26년'!$I:$I,'(계획)손익계산서 월별계획'!$B$19,'(계획)비용계획 상세_26년'!$B:$B,'(계획)손익계산서 월별계획'!$B22) -> 4796942.3 | I22: =SUMIFS('(계획)비용계획 상세_26년'!O:O,'(계획)비용계획 상세_26년'!$I:$I,'(계획)손익계산서 월별계획'!$B$19,'(계획)비용계획 상세_26년'!$B:$B,'(계획)손익계산서 월별계획'!$B22) -> 4796942.3 | J22: =SUMIFS('(계획)비용계획 상세_26년'!P:P,'(계획)비용계획 상세_26년'!$I:$I,'(계획)손익계산서 월별계획'!$B$19,'(계획)비용계획 상세_26년'!$B:$B,'(계획)손익계산서 월별계획'!$B22) -> 4924707.3 | K22: =SUMIFS('(계획)비용계획 상세_26년'!Q:Q,'(계획)비용계획 상세_26년'!$I:$I,'(계획)손익계산서 월별계획'!$B$19,'(계획)비용계획 상세_26년'!$B:$B,'(계획)손익계산서 월별계획'!$B22) -> 5345622.3 | L22: =SUMIFS('(계획)비용계획 상세_26년'!R:R,'(계획)비용계획 상세_26년'!$I:$I,'(계획)손익계산서 월별계획'!$B$19,'(계획)비용계획 상세_26년'!$B:$B,'(계획)손익계산서 월별계획'!$B22) -> 4850642.3 | M22: =SUMIFS('(계획)비용계획 상세_26년'!S:S,'(계획)비용계획 상세_26년'!$I:$I,'(계획)손익계산서 월별계획'!$B$19,'(계획)비용계획 상세_26년'!$B:$B,'(계획)손익계산서 월별계획'!$B22) -> 4850642.3 | N22: =SUMIFS('(계획)비용계획 상세_26년'!T:T,'(계획)비용계획 상세_26년'!$I:$I,'(계획)손익계산서 월별계획'!$B$19,'(계획)비용계획 상세_26년'!$B:$B,'(계획)손익계산서 월별계획'!$B22) -> 5231972.3 | O22: =SUMIFS('(계획)비용계획 상세_26년'!U:U,'(계획)비용계획 상세_26년'!$I:$I,'(계획)손익계산서 월별계획'!$B$19,'(계획)비용계획 상세_26년'!$B:$B,'(계획)손익계산서 월별계획'!$B22) -> 5231972.3 | P22: =SUMIFS('(계획)비용계획 상세_26년'!V:V,'(계획)비용계획 상세_26년'!$I:$I,'(계획)손익계산서 월별계획'!$B$19,'(계획)비용계획 상세_26년'!$B:$B,'(계획)손익계산서 월별계획'!$B22) -> 5722642.3
B23: 복리후생비 | C23: =SUM(E23:P23) -> 60289269 | E23: =SUMIFS('(계획)비용계획 상세_26년'!K:K,'(계획)비용계획 상세_26년'!$I:$I,'(계획)손익계산서 월별계획'!$B$19,'(계획)비용계획 상세_26년'!$B:$B,'(계획)손익계산서 월별계획'!$B23) -> 2095697.4 | F23: =SUMIFS('(계획)비용계획 상세_26년'!L:L,'(계획)비용계획 상세_26년'!$I:$I,'(계획)손익계산서 월별계획'!$B$19,'(계획)비용계획 상세_26년'!$B:$B,'(계획)손익계산서 월별계획'!$B23) -> 8845697.4 | G23: =SUMIFS('(계획)비용계획 상세_26년'!M:M,'(계획)비용계획 상세_26년'!$I:$I,'(계획)손익계산서 월별계획'!$B$19,'(계획)비용계획 상세_26년'!$B:$B,'(계획)손익계산서 월별계획'!$B23) -> 3981977.4 | H23: =SUMIFS('(계획)비용계획 상세_26년'!N:N,'(계획)비용계획 상세_26년'!$I:$I,'(계획)손익계산서 월별계획'!$B$19,'(계획)비용계획 상세_26년'!$B:$B,'(계획)손익계산서 월별계획'!$B23) -> 2035697.4 | I23: =SUMIFS('(계획)비용계획 상세_26년'!O:O,'(계획)비용계획 상세_26년'!$I:$I,'(계획)손익계산서 월별계획'!$B$19,'(계획)비용계획 상세_26년'!$B:$B,'(계획)손익계산서 월별계획'!$B23) -> 1615697.4 | J23: =SUMIFS('(계획)비용계획 상세_26년'!P:P,'(계획)비용계획 상세_26년'!$I:$I,'(계획)손익계산서 월별계획'!$B$19,'(계획)비용계획 상세_26년'!$B:$B,'(계획)손익계산서 월별계획'!$B23) -> 3220697.4 | K23: =SUMIFS('(계획)비용계획 상세_26년'!Q:Q,'(계획)비용계획 상세_26년'!$I:$I,'(계획)손익계산서 월별계획'!$B$19,'(계획)비용계획 상세_26년'!$B:$B,'(계획)손익계산서 월별계획'!$B23) -> 1900697.4 | L23: =SUMIFS('(계획)비용계획 상세_26년'!R:R,'(계획)비용계획 상세_26년'!$I:$I,'(계획)손익계산서 월별계획'!$B$19,'(계획)비용계획 상세_26년'!$B:$B,'(계획)손익계산서 월별계획'!$B23) -> 16415317 | M23: =SUMIFS('(계획)비용계획 상세_26년'!S:S,'(계획)비용계획 상세_26년'!$I:$I,'(계획)손익계산서 월별계획'!$B$19,'(계획)비용계획 상세_26년'!$B:$B,'(계획)손익계산서 월별계획'!$B23) -> 5220697.4 | N23: =SUMIFS('(계획)비용계획 상세_26년'!T:T,'(계획)비용계획 상세_26년'!$I:$I,'(계획)손익계산서 월별계획'!$B$19,'(계획)비용계획 상세_26년'!$B:$B,'(계획)손익계산서 월별계획'!$B23) -> 1895697.4 | O23: =SUMIFS('(계획)비용계획 상세_26년'!U:U,'(계획)비용계획 상세_26년'!$I:$I,'(계획)손익계산서 월별계획'!$B$19,'(계획)비용계획 상세_26년'!$B:$B,'(계획)손익계산서 월별계획'!$B23) -> 1815697.4 | P23: =SUMIFS('(계획)비용계획 상세_26년'!V:V,'(계획)비용계획 상세_26년'!$I:$I,'(계획)손익계산서 월별계획'!$B$19,'(계획)비용계획 상세_26년'!$B:$B,'(계획)손익계산서 월별계획'!$B23) -> 11245697
B24: 운반비 | C24: =SUM(E24:P24) -> 6.2254697e+08 | E24: =((SUMIFS('(계획)비용계획 상세_26년'!K:K,'(계획)비용계획 상세_26년'!$I:$I,'(계획)손익계산서 월별계획'!$B$19,'(계획)비용계획 상세_26년'!$B:$B,'(계획)손익계산서 월별계획'!$B24)))+63839740.0672105 -> 64761640 | F24: =((SUMIFS('(계획)비용계획 상세_26년'!L:L,'(계획)비용계획 상세_26년'!$I:$I,'(계획)손익계산서 월별계획'!$B$19,'(계획)비용계획 상세_26년'!$B:$B,'(계획)손익계산서 월별계획'!$B24)))+44507830.5112355 -> 45429731 | G24: =((SUMIFS('(계획)비용계획 상세_26년'!M:M,'(계획)비용계획 상세_26년'!$I:$I,'(계획)손익계산서 월별계획'!$B$19,'(계획)비용계획 상세_26년'!$B:$B,'(계획)손익계산서 월별계획'!$B24)))+54512179.2608102 -> 55434079 | H24: =((SUMIFS('(계획)비용계획 상세_26년'!N:N,'(계획)비용계획 상세_26년'!$I:$I,'(계획)손익계산서 월별계획'!$B$19,'(계획)비용계획 상세_26년'!$B:$B,'(계획)손익계산서 월별계획'!$B24)))+52102059.2858395 -> 53023959 | I24: =((SUMIFS('(계획)비용계획 상세_26년'!O:O,'(계획)비용계획 상세_26년'!$I:$I,'(계획)손익계산서 월별계획'!$B$19,'(계획)비용계획 상세_26년'!$B:$B,'(계획)손익계산서 월별계획'!$B24)))+42296629.065963 -> 43218529 | J24: =((SUMIFS('(계획)비용계획 상세_26년'!P:P,'(계획)비용계획 상세_26년'!$I:$I,'(계획)손익계산서 월별계획'!$B$19,'(계획)비용계획 상세_26년'!$B:$B,'(계획)손익계산서 월별계획'!$B24)))+55704774.3957778 -> 56626674 | K24: =((SUMIFS('(계획)비용계획 상세_26년'!Q:Q,'(계획)비용계획 상세_26년'!$I:$I,'(계획)손익계산서 월별계획'!$B$19,'(계획)비용계획 상세_26년'!$B:$B,'(계획)손익계산서 월별계획'!$B24)))+38496629.065963 -> 39418529 | L24: =((SUMIFS('(계획)비용계획 상세_26년'!R:R,'(계획)비용계획 상세_26년'!$I:$I,'(계획)손익계산서 월별계획'!$B$19,'(계획)비용계획 상세_26년'!$B:$B,'(계획)손익계산서 월별계획'!$B24)))+41296629.065963 -> 42218529 | M24: =((SUMIFS('(계획)비용계획 상세_26년'!S:S,'(계획)비용계획 상세_26년'!$I:$I,'(계획)손익계산서 월별계획'!$B$19,'(계획)비용계획 상세_26년'!$B:$B,'(계획)손익계산서 월별계획'!$B24)))+54804774.3957778 -> 55726674 | N24: =((SUMIFS('(계획)비용계획 상세_26년'!T:T,'(계획)비용계획 상세_26년'!$I:$I,'(계획)손익계산서 월별계획'!$B$19,'(계획)비용계획 상세_26년'!$B:$B,'(계획)손익계산서 월별계획'!$B24)))+51407489.5057161 -> 52329390 | O24: =((SUMIFS('(계획)비용계획 상세_26년'!U:U,'(계획)비용계획 상세_26년'!$I:$I,'(계획)손익계산서 월별계획'!$B$19,'(계획)비용계획 상세_26년'!$B:$B,'(계획)손익계산서 월별계획'!$B24)))+56202059.2858395 -> 57123959 | P24: =((SUMIFS('(계획)비용계획 상세_26년'!V:V,'(계획)비용계획 상세_26년'!$I:$I,'(계획)손익계산서 월별계획'!$B$19,'(계획)비용계획 상세_26년'!$B:$B,'(계획)손익계산서 월별계획'!$B24)))+56313378.7933088 -> 57235279
B25: 포장비 | C25: =SUM(E25:P25) -> 0 | E25: =SUMIFS('(계획)비용계획 상세_26년'!K:K,'(계획)비용계획 상세_26년'!$I:$I,'(계획)손익계산서 월별계획'!$B$19,'(계획)비용계획 상세_26년'!$B:$B,'(계획)손익계산서 월별계획'!$B25) -> 0 | F25: =SUMIFS('(계획)비용계획 상세_26년'!L:L,'(계획)비용계획 상세_26년'!$I:$I,'(계획)손익계산서 월별계획'!$B$19,'(계획)비용계획 상세_26년'!$B:$B,'(계획)손익계산서 월별계획'!$B25) -> 0 | G25: =SUMIFS('(계획)비용계획 상세_26년'!M:M,'(계획)비용계획 상세_26년'!$I:$I,'(계획)손익계산서 월별계획'!$B$19,'(계획)비용계획 상세_26년'!$B:$B,'(계획)손익계산서 월별계획'!$B25) -> 0 | H25: =SUMIFS('(계획)비용계획 상세_26년'!N:N,'(계획)비용계획 상세_26년'!$I:$I,'(계획)손익계산서 월별계획'!$B$19,'(계획)비용계획 상세_26년'!$B:$B,'(계획)손익계산서 월별계획'!$B25) -> 0 | I25: =SUMIFS('(계획)비용계획 상세_26년'!O:O,'(계획)비용계획 상세_26년'!$I:$I,'(계획)손익계산서 월별계획'!$B$19,'(계획)비용계획 상세_26년'!$B:$B,'(계획)손익계산서 월별계획'!$B25) -> 0 | J25: =SUMIFS('(계획)비용계획 상세_26년'!P:P,'(계획)비용계획 상세_26년'!$I:$I,'(계획)손익계산서 월별계획'!$B$19,'(계획)비용계획 상세_26년'!$B:$B,'(계획)손익계산서 월별계획'!$B25) -> 0 | K25: =SUMIFS('(계획)비용계획 상세_26년'!Q:Q,'(계획)비용계획 상세_26년'!$I:$I,'(계획)손익계산서 월별계획'!$B$19,'(계획)비용계획 상세_26년'!$B:$B,'(계획)손익계산서 월별계획'!$B25) -> 0 | L25: =SUMIFS('(계획)비용계획 상세_26년'!R:R,'(계획)비용계획 상세_26년'!$I:$I,'(계획)손익계산서 월별계획'!$B$19,'(계획)비용계획 상세_26년'!$B:$B,'(계획)손익계산서 월별계획'!$B25) -> 0 | M25: =SUMIFS('(계획)비용계획 상세_26년'!S:S,'(계획)비용계획 상세_26년'!$I:$I,'(계획)손익계산서 월별계획'!$B$19,'(계획)비용계획 상세_26년'!$B:$B,'(계획)손익계산서 월별계획'!$B25) -> 0 | N25: =SUMIFS('(계획)비용계획 상세_26년'!T:T,'(계획)비용계획 상세_26년'!$I:$I,'(계획)손익계산서 월별계획'!$B$19,'(계획)비용계획 상세_26년'!$B:$B,'(계획)손익계산서 월별계획'!$B25) -> 0 | O25: =SUMIFS('(계획)비용계획 상세_26년'!U:U,'(계획)비용계획 상세_26년'!$I:$I,'(계획)손익계산서 월별계획'!$B$19,'(계획)비용계획 상세_26년'!$B:$B,'(계획)손익계산서 월별계획'!$B25) -> 0 | P25: =SUMIFS('(계획)비용계획 상세_26년'!V:V,'(계획)비용계획 상세_26년'!$I:$I,'(계획)손익계산서 월별계획'!$B$19,'(계획)비용계획 상세_26년'!$B:$B,'(계획)손익계산서 월별계획'!$B25) -> 0
B26: 광고선전비 | C26: =SUM(E26:P26) -> 0 | E26: =SUMIFS('(계획)비용계획 상세_26년'!K:K,'(계획)비용계획 상세_26년'!$I:$I,'(계획)손익계산서 월별계획'!$B$19,'(계획)비용계획 상세_26년'!$B:$B,'(계획)손익계산서 월별계획'!$B26) -> 0 | F26: =SUMIFS('(계획)비용계획 상세_26년'!L:L,'(계획)비용계획 상세_26년'!$I:$I,'(계획)손익계산서 월별계획'!$B$19,'(계획)비용계획 상세_26년'!$B:$B,'(계획)손익계산서 월별계획'!$B26) -> 0 | G26: =SUMIFS('(계획)비용계획 상세_26년'!M:M,'(계획)비용계획 상세_26년'!$I:$I,'(계획)손익계산서 월별계획'!$B$19,'(계획)비용계획 상세_26년'!$B:$B,'(계획)손익계산서 월별계획'!$B26) -> 0 | H26: =SUMIFS('(계획)비용계획 상세_26년'!N:N,'(계획)비용계획 상세_26년'!$I:$I,'(계획)손익계산서 월별계획'!$B$19,'(계획)비용계획 상세_26년'!$B:$B,'(계획)손익계산서 월별계획'!$B26) -> 0 | I26: =SUMIFS('(계획)비용계획 상세_26년'!O:O,'(계획)비용계획 상세_26년'!$I:$I,'(계획)손익계산서 월별계획'!$B$19,'(계획)비용계획 상세_26년'!$B:$B,'(계획)손익계산서 월별계획'!$B26) -> 0 | J26: =SUMIFS('(계획)비용계획 상세_26년'!P:P,'(계획)비용계획 상세_26년'!$I:$I,'(계획)손익계산서 월별계획'!$B$19,'(계획)비용계획 상세_26년'!$B:$B,'(계획)손익계산서 월별계획'!$B26) -> 0 | K26: =SUMIFS('(계획)비용계획 상세_26년'!Q:Q,'(계획)비용계획 상세_26년'!$I:$I,'(계획)손익계산서 월별계획'!$B$19,'(계획)비용계획 상세_26년'!$B:$B,'(계획)손익계산서 월별계획'!$B26) -> 0 | L26: =SUMIFS('(계획)비용계획 상세_26년'!R:R,'(계획)비용계획 상세_26년'!$I:$I,'(계획)손익계산서 월별계획'!$B$19,'(계획)비용계획 상세_26년'!$B:$B,'(계획)손익계산서 월별계획'!$B26) -> 0 | M26: =SUMIFS('(계획)비용계획 상세_26년'!S:S,'(계획)비용계획 상세_26년'!$I:$I,'(계획)손익계산서 월별계획'!$B$19,'(계획)비용계획 상세_26년'!$B:$B,'(계획)손익계산서 월별계획'!$B26) -> 0 | N26: =SUMIFS('(계획)비용계획 상세_26년'!T:T,'(계획)비용계획 상세_26년'!$I:$I,'(계획)손익계산서 월별계획'!$B$19,'(계획)비용계획 상세_26년'!$B:$B,'(계획)손익계산서 월별계획'!$B26) -> 0 | O26: =SUMIFS('(계획)비용계획 상세_26년'!U:U,'(계획)비용계획 상세_26년'!$I:$I,'(계획)손익계산서 월별계획'!$B$19,'(계획)비용계획 상세_26년'!$B:$B,'(계획)손익계산서 월별계획'!$B26) -> 0 | P26: =SUMIFS('(계획)비용계획 상세_26년'!V:V,'(계획)비용계획 상세_26년'!$I:$I,'(계획)손익계산서 월별계획'!$B$19,'(계획)비용계획 상세_26년'!$B:$B,'(계획)손익계산서 월별계획'!$B26) -> 0
B27: 지급수수료 | C27: =SUM(E27:P27) -> 2304000 | E27: =SUMIFS('(계획)비용계획 상세_26년'!K:K,'(계획)비용계획 상세_26년'!$I:$I,'(계획)손익계산서 월별계획'!$B$19,'(계획)비용계획 상세_26년'!$B:$B,'(계획)손익계산서 월별계획'!$B27) -> 192000 | F27: =SUMIFS('(계획)비용계획 상세_26년'!L:L,'(계획)비용계획 상세_26년'!$I:$I,'(계획)손익계산서 월별계획'!$B$19,'(계획)비용계획 상세_26년'!$B:$B,'(계획)손익계산서 월별계획'!$B27) -> 192000 | G27: =SUMIFS('(계획)비용계획 상세_26년'!M:M,'(계획)비용계획 상세_26년'!$I:$I,'(계획)손익계산서 월별계획'!$B$19,'(계획)비용계획 상세_26년'!$B:$B,'(계획)손익계산서 월별계획'!$B27) -> 192000 | H27: =SUMIFS('(계획)비용계획 상세_26년'!N:N,'(계획)비용계획 상세_26년'!$I:$I,'(계획)손익계산서 월별계획'!$B$19,'(계획)비용계획 상세_26년'!$B:$B,'(계획)손익계산서 월별계획'!$B27) -> 192000 | I27: =SUMIFS('(계획)비용계획 상세_26년'!O:O,'(계획)비용계획 상세_26년'!$I:$I,'(계획)손익계산서 월별계획'!$B$19,'(계획)비용계획 상세_26년'!$B:$B,'(계획)손익계산서 월별계획'!$B27) -> 192000 | J27: =SUMIFS('(계획)비용계획 상세_26년'!P:P,'(계획)비용계획 상세_26년'!$I:$I,'(계획)손익계산서 월별계획'!$B$19,'(계획)비용계획 상세_26년'!$B:$B,'(계획)손익계산서 월별계획'!$B27) -> 192000 | K27: =SUMIFS('(계획)비용계획 상세_26년'!Q:Q,'(계획)비용계획 상세_26년'!$I:$I,'(계획)손익계산서 월별계획'!$B$19,'(계획)비용계획 상세_26년'!$B:$B,'(계획)손익계산서 월별계획'!$B27) -> 192000 | L27: =SUMIFS('(계획)비용계획 상세_26년'!R:R,'(계획)비용계획 상세_26년'!$I:$I,'(계획)손익계산서 월별계획'!$B$19,'(계획)비용계획 상세_26년'!$B:$B,'(계획)손익계산서 월별계획'!$B27) -> 192000 | M27: =SUMIFS('(계획)비용계획 상세_26년'!S:S,'(계획)비용계획 상세_26년'!$I:$I,'(계획)손익계산서 월별계획'!$B$19,'(계획)비용계획 상세_26년'!$B:$B,'(계획)손익계산서 월별계획'!$B27) -> 192000 | N27: =SUMIFS('(계획)비용계획 상세_26년'!T:T,'(계획)비용계획 상세_26년'!$I:$I,'(계획)손익계산서 월별계획'!$B$19,'(계획)비용계획 상세_26년'!$B:$B,'(계획)손익계산서 월별계획'!$B27) -> 192000 | O27: =SUMIFS('(계획)비용계획 상세_26년'!U:U,'(계획)비용계획 상세_26년'!$I:$I,'(계획)손익계산서 월별계획'!$B$19,'(계획)비용계획 상세_26년'!$B:$B,'(계획)손익계산서 월별계획'!$B27) -> 192000 | P27: =SUMIFS('(계획)비용계획 상세_26년'!V:V,'(계획)비용계획 상세_26년'!$I:$I,'(계획)손익계산서 월별계획'!$B$19,'(계획)비용계획 상세_26년'!$B:$B,'(계획)손익계산서 월별계획'!$B27) -> 192000
B28: 여비교통비 | C28: =SUM(E28:P28) -> 1.17625e+08 | E28: =SUMIFS('(계획)비용계획 상세_26년'!K:K,'(계획)비용계획 상세_26년'!$I:$I,'(계획)손익계산서 월별계획'!$B$19,'(계획)비용계획 상세_26년'!$B:$B,'(계획)손익계산서 월별계획'!$B28) -> 9802083.3 | F28: =SUMIFS('(계획)비용계획 상세_26년'!L:L,'(계획)비용계획 상세_26년'!$I:$I,'(계획)손익계산서 월별계획'!$B$19,'(계획)비용계획 상세_26년'!$B:$B,'(계획)손익계산서 월별계획'!$B28) -> 9802083.3 | G28: =SUMIFS('(계획)비용계획 상세_26년'!M:M,'(계획)비용계획 상세_26년'!$I:$I,'(계획)손익계산서 월별계획'!$B$19,'(계획)비용계획 상세_26년'!$B:$B,'(계획)손익계산서 월별계획'!$B28) -> 9802083.3 | H28: =SUMIFS('(계획)비용계획 상세_26년'!N:N,'(계획)비용계획 상세_26년'!$I:$I,'(계획)손익계산서 월별계획'!$B$19,'(계획)비용계획 상세_26년'!$B:$B,'(계획)손익계산서 월별계획'!$B28) -> 9802083.3 | I28: =SUMIFS('(계획)비용계획 상세_26년'!O:O,'(계획)비용계획 상세_26년'!$I:$I,'(계획)손익계산서 월별계획'!$B$19,'(계획)비용계획 상세_26년'!$B:$B,'(계획)손익계산서 월별계획'!$B28) -> 9802083.3 | J28: =SUMIFS('(계획)비용계획 상세_26년'!P:P,'(계획)비용계획 상세_26년'!$I:$I,'(계획)손익계산서 월별계획'!$B$19,'(계획)비용계획 상세_26년'!$B:$B,'(계획)손익계산서 월별계획'!$B28) -> 9802083.3 | K28: =SUMIFS('(계획)비용계획 상세_26년'!Q:Q,'(계획)비용계획 상세_26년'!$I:$I,'(계획)손익계산서 월별계획'!$B$19,'(계획)비용계획 상세_26년'!$B:$B,'(계획)손익계산서 월별계획'!$B28) -> 9802083.3 | L28: =SUMIFS('(계획)비용계획 상세_26년'!R:R,'(계획)비용계획 상세_26년'!$I:$I,'(계획)손익계산서 월별계획'!$B$19,'(계획)비용계획 상세_26년'!$B:$B,'(계획)손익계산서 월별계획'!$B28) -> 9802083.3 | M28: =SUMIFS('(계획)비용계획 상세_26년'!S:S,'(계획)비용계획 상세_26년'!$I:$I,'(계획)손익계산서 월별계획'!$B$19,'(계획)비용계획 상세_26년'!$B:$B,'(계획)손익계산서 월별계획'!$B28) -> 9802083.3 | N28: =SUMIFS('(계획)비용계획 상세_26년'!T:T,'(계획)비용계획 상세_26년'!$I:$I,'(계획)손익계산서 월별계획'!$B$19,'(계획)비용계획 상세_26년'!$B:$B,'(계획)손익계산서 월별계획'!$B28) -> 9802083.3 | O28: =SUMIFS('(계획)비용계획 상세_26년'!U:U,'(계획)비용계획 상세_26년'!$I:$I,'(계획)손익계산서 월별계획'!$B$19,'(계획)비용계획 상세_26년'!$B:$B,'(계획)손익계산서 월별계획'!$B28) -> 9802083.3 | P28: =SUMIFS('(계획)비용계획 상세_26년'!V:V,'(계획)비용계획 상세_26년'!$I:$I,'(계획)손익계산서 월별계획'!$B$19,'(계획)비용계획 상세_26년'!$B:$B,'(계획)손익계산서 월별계획'!$B28) -> 9802083.3
B29: 감가상각비 | C29: =SUM(E29:P29) -> 0 | E29: =SUMIFS('(계획)비용계획 상세_26년'!K:K,'(계획)비용계획 상세_26년'!$I:$I,'(계획)손익계산서 월별계획'!$B$19,'(계획)비용계획 상세_26년'!$B:$B,'(계획)손익계산서 월별계획'!$B29) -> 0 | F29: =SUMIFS('(계획)비용계획 상세_26년'!L:L,'(계획)비용계획 상세_26년'!$I:$I,'(계획)손익계산서 월별계획'!$B$19,'(계획)비용계획 상세_26년'!$B:$B,'(계획)손익계산서 월별계획'!$B29) -> 0 | G29: =SUMIFS('(계획)비용계획 상세_26년'!M:M,'(계획)비용계획 상세_26년'!$I:$I,'(계획)손익계산서 월별계획'!$B$19,'(계획)비용계획 상세_26년'!$B:$B,'(계획)손익계산서 월별계획'!$B29) -> 0 | H29: =SUMIFS('(계획)비용계획 상세_26년'!N:N,'(계획)비용계획 상세_26년'!$I:$I,'(계획)손익계산서 월별계획'!$B$19,'(계획)비용계획 상세_26년'!$B:$B,'(계획)손익계산서 월별계획'!$B29) -> 0 | I29: =SUMIFS('(계획)비용계획 상세_26년'!O:O,'(계획)비용계획 상세_26년'!$I:$I,'(계획)손익계산서 월별계획'!$B$19,'(계획)비용계획 상세_26년'!$B:$B,'(계획)손익계산서 월별계획'!$B29) -> 0 | J29: =SUMIFS('(계획)비용계획 상세_26년'!P:P,'(계획)비용계획 상세_26년'!$I:$I,'(계획)손익계산서 월별계획'!$B$19,'(계획)비용계획 상세_26년'!$B:$B,'(계획)손익계산서 월별계획'!$B29) -> 0 | K29: =SUMIFS('(계획)비용계획 상세_26년'!Q:Q,'(계획)비용계획 상세_26년'!$I:$I,'(계획)손익계산서 월별계획'!$B$19,'(계획)비용계획 상세_26년'!$B:$B,'(계획)손익계산서 월별계획'!$B29) -> 0 | L29: =SUMIFS('(계획)비용계획 상세_26년'!R:R,'(계획)비용계획 상세_26년'!$I:$I,'(계획)손익계산서 월별계획'!$B$19,'(계획)비용계획 상세_26년'!$B:$B,'(계획)손익계산서 월별계획'!$B29) -> 0 | M29: =SUMIFS('(계획)비용계획 상세_26년'!S:S,'(계획)비용계획 상세_26년'!$I:$I,'(계획)손익계산서 월별계획'!$B$19,'(계획)비용계획 상세_26년'!$B:$B,'(계획)손익계산서 월별계획'!$B29) -> 0 | N29: =SUMIFS('(계획)비용계획 상세_26년'!T:T,'(계획)비용계획 상세_26년'!$I:$I,'(계획)손익계산서 월별계획'!$B$19,'(계획)비용계획 상세_26년'!$B:$B,'(계획)손익계산서 월별계획'!$B29) -> 0 | O29: =SUMIFS('(계획)비용계획 상세_26년'!U:U,'(계획)비용계획 상세_26년'!$I:$I,'(계획)손익계산서 월별계획'!$B$19,'(계획)비용계획 상세_26년'!$B:$B,'(계획)손익계산서 월별계획'!$B29) -> 0 | P29: =SUMIFS('(계획)비용계획 상세_26년'!V:V,'(계획)비용계획 상세_26년'!$I:$I,'(계획)손익계산서 월별계획'!$B$19,'(계획)비용계획 상세_26년'!$B:$B,'(계획)손익계산서 월별계획'!$B29) -> 0
B30: 개발비 | C30: =SUM(E30:P30) -> 0 | E30: =SUMIFS('(계획)비용계획 상세_26년'!K:K,'(계획)비용계획 상세_26년'!$I:$I,'(계획)손익계산서 월별계획'!$B$19,'(계획)비용계획 상세_26년'!$B:$B,'(계획)손익계산서 월별계획'!$B30) -> 0 | F30: =SUMIFS('(계획)비용계획 상세_26년'!L:L,'(계획)비용계획 상세_26년'!$I:$I,'(계획)손익계산서 월별계획'!$B$19,'(계획)비용계획 상세_26년'!$B:$B,'(계획)손익계산서 월별계획'!$B30) -> 0 | G30: =SUMIFS('(계획)비용계획 상세_26년'!M:M,'(계획)비용계획 상세_26년'!$I:$I,'(계획)손익계산서 월별계획'!$B$19,'(계획)비용계획 상세_26년'!$B:$B,'(계획)손익계산서 월별계획'!$B30) -> 0 | H30: =SUMIFS('(계획)비용계획 상세_26년'!N:N,'(계획)비용계획 상세_26년'!$I:$I,'(계획)손익계산서 월별계획'!$B$19,'(계획)비용계획 상세_26년'!$B:$B,'(계획)손익계산서 월별계획'!$B30) -> 0 | I30: =SUMIFS('(계획)비용계획 상세_26년'!O:O,'(계획)비용계획 상세_26년'!$I:$I,'(계획)손익계산서 월별계획'!$B$19,'(계획)비용계획 상세_26년'!$B:$B,'(계획)손익계산서 월별계획'!$B30) -> 0 | J30: =SUMIFS('(계획)비용계획 상세_26년'!P:P,'(계획)비용계획 상세_26년'!$I:$I,'(계획)손익계산서 월별계획'!$B$19,'(계획)비용계획 상세_26년'!$B:$B,'(계획)손익계산서 월별계획'!$B30) -> 0 | K30: =SUMIFS('(계획)비용계획 상세_26년'!Q:Q,'(계획)비용계획 상세_26년'!$I:$I,'(계획)손익계산서 월별계획'!$B$19,'(계획)비용계획 상세_26년'!$B:$B,'(계획)손익계산서 월별계획'!$B30) -> 0 | L30: =SUMIFS('(계획)비용계획 상세_26년'!R:R,'(계획)비용계획 상세_26년'!$I:$I,'(계획)손익계산서 월별계획'!$B$19,'(계획)비용계획 상세_26년'!$B:$B,'(계획)손익계산서 월별계획'!$B30) -> 0 | M30: =SUMIFS('(계획)비용계획 상세_26년'!S:S,'(계획)비용계획 상세_26년'!$I:$I,'(계획)손익계산서 월별계획'!$B$19,'(계획)비용계획 상세_26년'!$B:$B,'(계획)손익계산서 월별계획'!$B30) -> 0 | N30: =SUMIFS('(계획)비용계획 상세_26년'!T:T,'(계획)비용계획 상세_26년'!$I:$I,'(계획)손익계산서 월별계획'!$B$19,'(계획)비용계획 상세_26년'!$B:$B,'(계획)손익계산서 월별계획'!$B30) -> 0 | O30: =SUMIFS('(계획)비용계획 상세_26년'!U:U,'(계획)비용계획 상세_26년'!$I:$I,'(계획)손익계산서 월별계획'!$B$19,'(계획)비용계획 상세_26년'!$B:$B,'(계획)손익계산서 월별계획'!$B30) -> 0 | P30: =SUMIFS('(계획)비용계획 상세_26년'!V:V,'(계획)비용계획 상세_26년'!$I:$I,'(계획)손익계산서 월별계획'!$B$19,'(계획)비용계획 상세_26년'!$B:$B,'(계획)손익계산서 월별계획'!$B30) -> 0
B31: 충당비용 | C31: =SUM(E31:P31) -> 0 | E31: =SUMIFS('(계획)비용계획 상세_26년'!K:K,'(계획)비용계획 상세_26년'!$I:$I,'(계획)손익계산서 월별계획'!$B$19,'(계획)비용계획 상세_26년'!$B:$B,'(계획)손익계산서 월별계획'!$B31) -> 0 | F31: =SUMIFS('(계획)비용계획 상세_26년'!L:L,'(계획)비용계획 상세_26년'!$I:$I,'(계획)손익계산서 월별계획'!$B$19,'(계획)비용계획 상세_26년'!$B:$B,'(계획)손익계산서 월별계획'!$B31) -> 0 | G31: =SUMIFS('(계획)비용계획 상세_26년'!M:M,'(계획)비용계획 상세_26년'!$I:$I,'(계획)손익계산서 월별계획'!$B$19,'(계획)비용계획 상세_26년'!$B:$B,'(계획)손익계산서 월별계획'!$B31) -> 0 | H31: =SUMIFS('(계획)비용계획 상세_26년'!N:N,'(계획)비용계획 상세_26년'!$I:$I,'(계획)손익계산서 월별계획'!$B$19,'(계획)비용계획 상세_26년'!$B:$B,'(계획)손익계산서 월별계획'!$B31) -> 0 | I31: =SUMIFS('(계획)비용계획 상세_26년'!O:O,'(계획)비용계획 상세_26년'!$I:$I,'(계획)손익계산서 월별계획'!$B$19,'(계획)비용계획 상세_26년'!$B:$B,'(계획)손익계산서 월별계획'!$B31) -> 0 | J31: =SUMIFS('(계획)비용계획 상세_26년'!P:P,'(계획)비용계획 상세_26년'!$I:$I,'(계획)손익계산서 월별계획'!$B$19,'(계획)비용계획 상세_26년'!$B:$B,'(계획)손익계산서 월별계획'!$B31) -> 0 | K31: =SUMIFS('(계획)비용계획 상세_26년'!Q:Q,'(계획)비용계획 상세_26년'!$I:$I,'(계획)손익계산서 월별계획'!$B$19,'(계획)비용계획 상세_26년'!$B:$B,'(계획)손익계산서 월별계획'!$B31) -> 0 | L31: =SUMIFS('(계획)비용계획 상세_26년'!R:R,'(계획)비용계획 상세_26년'!$I:$I,'(계획)손익계산서 월별계획'!$B$19,'(계획)비용계획 상세_26년'!$B:$B,'(계획)손익계산서 월별계획'!$B31) -> 0 | M31: =SUMIFS('(계획)비용계획 상세_26년'!S:S,'(계획)비용계획 상세_26년'!$I:$I,'(계획)손익계산서 월별계획'!$B$19,'(계획)비용계획 상세_26년'!$B:$B,'(계획)손익계산서 월별계획'!$B31) -> 0 | N31: =SUMIFS('(계획)비용계획 상세_26년'!T:T,'(계획)비용계획 상세_26년'!$I:$I,'(계획)손익계산서 월별계획'!$B$19,'(계획)비용계획 상세_26년'!$B:$B,'(계획)손익계산서 월별계획'!$B31) -> 0 | O31: =SUMIFS('(계획)비용계획 상세_26년'!U:U,'(계획)비용계획 상세_26년'!$I:$I,'(계획)손익계산서 월별계획'!$B$19,'(계획)비용계획 상세_26년'!$B:$B,'(계획)손익계산서 월별계획'!$B31) -> 0 | P31: =SUMIFS('(계획)비용계획 상세_26년'!V:V,'(계획)비용계획 상세_26년'!$I:$I,'(계획)손익계산서 월별계획'!$B$19,'(계획)비용계획 상세_26년'!$B:$B,'(계획)손익계산서 월별계획'!$B31) -> 0
B32: 외주비 | C32: =SUM(E32:P32) -> 0 | E32: =SUMIFS('(계획)비용계획 상세_26년'!K:K,'(계획)비용계획 상세_26년'!$I:$I,'(계획)손익계산서 월별계획'!$B$19,'(계획)비용계획 상세_26년'!$B:$B,'(계획)손익계산서 월별계획'!$B32) -> 0 | F32: =SUMIFS('(계획)비용계획 상세_26년'!L:L,'(계획)비용계획 상세_26년'!$I:$I,'(계획)손익계산서 월별계획'!$B$19,'(계획)비용계획 상세_26년'!$B:$B,'(계획)손익계산서 월별계획'!$B32) -> 0 | G32: =SUMIFS('(계획)비용계획 상세_26년'!M:M,'(계획)비용계획 상세_26년'!$I:$I,'(계획)손익계산서 월별계획'!$B$19,'(계획)비용계획 상세_26년'!$B:$B,'(계획)손익계산서 월별계획'!$B32) -> 0 | H32: =SUMIFS('(계획)비용계획 상세_26년'!N:N,'(계획)비용계획 상세_26년'!$I:$I,'(계획)손익계산서 월별계획'!$B$19,'(계획)비용계획 상세_26년'!$B:$B,'(계획)손익계산서 월별계획'!$B32) -> 0 | I32: =SUMIFS('(계획)비용계획 상세_26년'!O:O,'(계획)비용계획 상세_26년'!$I:$I,'(계획)손익계산서 월별계획'!$B$19,'(계획)비용계획 상세_26년'!$B:$B,'(계획)손익계산서 월별계획'!$B32) -> 0 | J32: =SUMIFS('(계획)비용계획 상세_26년'!P:P,'(계획)비용계획 상세_26년'!$I:$I,'(계획)손익계산서 월별계획'!$B$19,'(계획)비용계획 상세_26년'!$B:$B,'(계획)손익계산서 월별계획'!$B32) -> 0 | K32: =SUMIFS('(계획)비용계획 상세_26년'!Q:Q,'(계획)비용계획 상세_26년'!$I:$I,'(계획)손익계산서 월별계획'!$B$19,'(계획)비용계획 상세_26년'!$B:$B,'(계획)손익계산서 월별계획'!$B32) -> 0 | L32: =SUMIFS('(계획)비용계획 상세_26년'!R:R,'(계획)비용계획 상세_26년'!$I:$I,'(계획)손익계산서 월별계획'!$B$19,'(계획)비용계획 상세_26년'!$B:$B,'(계획)손익계산서 월별계획'!$B32) -> 0 | M32: =SUMIFS('(계획)비용계획 상세_26년'!S:S,'(계획)비용계획 상세_26년'!$I:$I,'(계획)손익계산서 월별계획'!$B$19,'(계획)비용계획 상세_26년'!$B:$B,'(계획)손익계산서 월별계획'!$B32) -> 0 | N32: =SUMIFS('(계획)비용계획 상세_26년'!T:T,'(계획)비용계획 상세_26년'!$I:$I,'(계획)손익계산서 월별계획'!$B$19,'(계획)비용계획 상세_26년'!$B:$B,'(계획)손익계산서 월별계획'!$B32) -> 0 | O32: =SUMIFS('(계획)비용계획 상세_26년'!U:U,'(계획)비용계획 상세_26년'!$I:$I,'(계획)손익계산서 월별계획'!$B$19,'(계획)비용계획 상세_26년'!$B:$B,'(계획)손익계산서 월별계획'!$B32) -> 0 | P32: =SUMIFS('(계획)비용계획 상세_26년'!V:V,'(계획)비용계획 상세_26년'!$I:$I,'(계획)손익계산서 월별계획'!$B$19,'(계획)비용계획 상세_26년'!$B:$B,'(계획)손익계산서 월별계획'!$B32) -> 0
B33: 기타비용 | C33: =SUM(E33:P33) -> 27426755 | E33: =SUMIFS('(계획)비용계획 상세_26년'!K:K,'(계획)비용계획 상세_26년'!$I:$I,'(계획)손익계산서 월별계획'!$B$19,'(계획)비용계획 상세_26년'!$B:$B,'(계획)손익계산서 월별계획'!$B33) -> 2258896.2 | F33: =SUMIFS('(계획)비용계획 상세_26년'!L:L,'(계획)비용계획 상세_26년'!$I:$I,'(계획)손익계산서 월별계획'!$B$19,'(계획)비용계획 상세_26년'!$B:$B,'(계획)손익계산서 월별계획'!$B33) -> 2258896.2 | G33: =SUMIFS('(계획)비용계획 상세_26년'!M:M,'(계획)비용계획 상세_26년'!$I:$I,'(계획)손익계산서 월별계획'!$B$19,'(계획)비용계획 상세_26년'!$B:$B,'(계획)손익계산서 월별계획'!$B33) -> 2258896.2 | H33: =SUMIFS('(계획)비용계획 상세_26년'!N:N,'(계획)비용계획 상세_26년'!$I:$I,'(계획)손익계산서 월별계획'!$B$19,'(계획)비용계획 상세_26년'!$B:$B,'(계획)손익계산서 월별계획'!$B33) -> 2258896.2 | I33: =SUMIFS('(계획)비용계획 상세_26년'!O:O,'(계획)비용계획 상세_26년'!$I:$I,'(계획)손익계산서 월별계획'!$B$19,'(계획)비용계획 상세_26년'!$B:$B,'(계획)손익계산서 월별계획'!$B33) -> 2418896.2 | J33: =SUMIFS('(계획)비용계획 상세_26년'!P:P,'(계획)비용계획 상세_26년'!$I:$I,'(계획)손익계산서 월별계획'!$B$19,'(계획)비용계획 상세_26년'!$B:$B,'(계획)손익계산서 월별계획'!$B33) -> 2258896.2 | K33: =SUMIFS('(계획)비용계획 상세_26년'!Q:Q,'(계획)비용계획 상세_26년'!$I:$I,'(계획)손익계산서 월별계획'!$B$19,'(계획)비용계획 상세_26년'!$B:$B,'(계획)손익계산서 월별계획'!$B33) -> 2258896.2 | L33: =SUMIFS('(계획)비용계획 상세_26년'!R:R,'(계획)비용계획 상세_26년'!$I:$I,'(계획)손익계산서 월별계획'!$B$19,'(계획)비용계획 상세_26년'!$B:$B,'(계획)손익계산서 월별계획'!$B33) -> 2258896.2 | M33: =SUMIFS('(계획)비용계획 상세_26년'!S:S,'(계획)비용계획 상세_26년'!$I:$I,'(계획)손익계산서 월별계획'!$B$19,'(계획)비용계획 상세_26년'!$B:$B,'(계획)손익계산서 월별계획'!$B33) -> 2258896.2 | N33: =SUMIFS('(계획)비용계획 상세_26년'!T:T,'(계획)비용계획 상세_26년'!$I:$I,'(계획)손익계산서 월별계획'!$B$19,'(계획)비용계획 상세_26년'!$B:$B,'(계획)손익계산서 월별계획'!$B33) -> 2258896.2 | O33: =SUMIFS('(계획)비용계획 상세_26년'!U:U,'(계획)비용계획 상세_26년'!$I:$I,'(계획)손익계산서 월별계획'!$B$19,'(계획)비용계획 상세_26년'!$B:$B,'(계획)손익계산서 월별계획'!$B33) -> 2418896.2 | P33: =SUMIFS('(계획)비용계획 상세_26년'!V:V,'(계획)비용계획 상세_26년'!$I:$I,'(계획)손익계산서 월별계획'!$B$19,'(계획)비용계획 상세_26년'!$B:$B,'(계획)손익계산서 월별계획'!$B33) -> 2258896.2
B35: [관리비] | C35: =SUM(E35:P35) -> 8.9033639e+09 | E35: =SUM(E36:E51) -> 7.3165943e+08 | F35: =SUM(F36:F51) -> 8.518627e+08 | G35: =SUM(G36:G51) -> 7.4729034e+08 | H35: =SUM(H36:H51) -> 7.6538616e+08 | I35: =SUM(I36:I51) -> 6.5990352e+08 | J35: =SUM(J36:J51) -> 7.9650901e+08 | K35: =SUM(K36:K51) -> 6.8108775e+08 | L35: =SUM(L36:L51) -> 7.1280553e+08 | ... P35: =SUM(P36:P51) -> 8.2525737e+08
B36: 인건비 | C36: =SUM(E36:P36) -> 5.1840452e+09 | E36: =SUMIFS('(계획)비용계획 상세_26년'!K:K,'(계획)비용계획 상세_26년'!$I:$I,'(계획)손익계산서 월별계획'!$B$35,'(계획)비용계획 상세_26년'!$B:$B,'(계획)손익계산서 월별계획'!$B36) -> 4.0722025e+08 | F36: =SUMIFS('(계획)비용계획 상세_26년'!L:L,'(계획)비용계획 상세_26년'!$I:$I,'(계획)손익계산서 월별계획'!$B$35,'(계획)비용계획 상세_26년'!$B:$B,'(계획)손익계산서 월별계획'!$B36) -> 5.1070315e+08 | G36: =SUMIFS('(계획)비용계획 상세_26년'!M:M,'(계획)비용계획 상세_26년'!$I:$I,'(계획)손익계산서 월별계획'!$B$35,'(계획)비용계획 상세_26년'!$B:$B,'(계획)손익계산서 월별계획'!$B36) -> 4.1315704e+08 | H36: =SUMIFS('(계획)비용계획 상세_26년'!N:N,'(계획)비용계획 상세_26년'!$I:$I,'(계획)손익계산서 월별계획'!$B$35,'(계획)비용계획 상세_26년'!$B:$B,'(계획)손익계산서 월별계획'!$B36) -> 4.7298508e+08 | I36: =SUMIFS('(계획)비용계획 상세_26년'!O:O,'(계획)비용계획 상세_26년'!$I:$I,'(계획)손익계산서 월별계획'!$B$35,'(계획)비용계획 상세_26년'!$B:$B,'(계획)손익계산서 월별계획'!$B36) -> 3.4433704e+08 | J36: =SUMIFS('(계획)비용계획 상세_26년'!P:P,'(계획)비용계획 상세_26년'!$I:$I,'(계획)손익계산서 월별계획'!$B$35,'(계획)비용계획 상세_26년'!$B:$B,'(계획)손익계산서 월별계획'!$B36) -> 4.7638379e+08 | K36: =SUMIFS('(계획)비용계획 상세_26년'!Q:Q,'(계획)비용계획 상세_26년'!$I:$I,'(계획)손익계산서 월별계획'!$B$35,'(계획)비용계획 상세_26년'!$B:$B,'(계획)손익계산서 월별계획'!$B36) -> 4.0273305e+08 | L36: =SUMIFS('(계획)비용계획 상세_26년'!R:R,'(계획)비용계획 상세_26년'!$I:$I,'(계획)손익계산서 월별계획'!$B$35,'(계획)비용계획 상세_26년'!$B:$B,'(계획)손익계산서 월별계획'!$B36) -> 4.0068244e+08 | M36: =SUMIFS('(계획)비용계획 상세_26년'!S:S,'(계획)비용계획 상세_26년'!$I:$I,'(계획)손익계산서 월별계획'!$B$35,'(계획)비용계획 상세_26년'!$B:$B,'(계획)손익계산서 월별계획'!$B36) -> 4.0026753e+08 | N36: =SUMIFS('(계획)비용계획 상세_26년'!T:T,'(계획)비용계획 상세_26년'!$I:$I,'(계획)손익계산서 월별계획'!$B$35,'(계획)비용계획 상세_26년'!$B:$B,'(계획)손익계산서 월별계획'!$B36) -> 4.3028551e+08 | O36: =SUMIFS('(계획)비용계획 상세_26년'!U:U,'(계획)비용계획 상세_26년'!$I:$I,'(계획)손익계산서 월별계획'!$B$35,'(계획)비용계획 상세_26년'!$B:$B,'(계획)손익계산서 월별계획'!$B36) -> 4.6974301e+08 | P36: =SUMIFS('(계획)비용계획 상세_26년'!V:V,'(계획)비용계획 상세_26년'!$I:$I,'(계획)손익계산서 월별계획'!$B$35,'(계획)비용계획 상세_26년'!$B:$B,'(계획)손익계산서 월별계획'!$B36) -> 4.5554731e+08
B37: 유지비용 | C37: =SUM(E37:P37) -> 4.4378742e+08 | E37: =SUMIFS('(계획)비용계획 상세_26년'!K:K,'(계획)비용계획 상세_26년'!$I:$I,'(계획)손익계산서 월별계획'!$B$35,'(계획)비용계획 상세_26년'!$B:$B,'(계획)손익계산서 월별계획'!$B37) -> 26650202 | F37: =SUMIFS('(계획)비용계획 상세_26년'!L:L,'(계획)비용계획 상세_26년'!$I:$I,'(계획)손익계산서 월별계획'!$B$35,'(계획)비용계획 상세_26년'!$B:$B,'(계획)손익계산서 월별계획'!$B37) -> 23495926 | G37: =SUMIFS('(계획)비용계획 상세_26년'!M:M,'(계획)비용계획 상세_26년'!$I:$I,'(계획)손익계산서 월별계획'!$B$35,'(계획)비용계획 상세_26년'!$B:$B,'(계획)손익계산서 월별계획'!$B37) -> 61058168 | H37: =SUMIFS('(계획)비용계획 상세_26년'!N:N,'(계획)비용계획 상세_26년'!$I:$I,'(계획)손익계산서 월별계획'!$B$35,'(계획)비용계획 상세_26년'!$B:$B,'(계획)손익계산서 월별계획'!$B37) -> 25656652 | I37: =SUMIFS('(계획)비용계획 상세_26년'!O:O,'(계획)비용계획 상세_26년'!$I:$I,'(계획)손익계산서 월별계획'!$B$35,'(계획)비용계획 상세_26년'!$B:$B,'(계획)손익계산서 월별계획'!$B37) -> 23500107 | J37: =SUMIFS('(계획)비용계획 상세_26년'!P:P,'(계획)비용계획 상세_26년'!$I:$I,'(계획)손익계산서 월별계획'!$B$35,'(계획)비용계획 상세_26년'!$B:$B,'(계획)손익계산서 월별계획'!$B37) -> 70349597 | K37: =SUMIFS('(계획)비용계획 상세_26년'!Q:Q,'(계획)비용계획 상세_26년'!$I:$I,'(계획)손익계산서 월별계획'!$B$35,'(계획)비용계획 상세_26년'!$B:$B,'(계획)손익계산서 월별계획'!$B37) -> 23218358 | L37: =SUMIFS('(계획)비용계획 상세_26년'!R:R,'(계획)비용계획 상세_26년'!$I:$I,'(계획)손익계산서 월별계획'!$B$35,'(계획)비용계획 상세_26년'!$B:$B,'(계획)손익계산서 월별계획'!$B37) -> 26635801 | M37: =SUMIFS('(계획)비용계획 상세_26년'!S:S,'(계획)비용계획 상세_26년'!$I:$I,'(계획)손익계산서 월별계획'!$B$35,'(계획)비용계획 상세_26년'!$B:$B,'(계획)손익계산서 월별계획'!$B37) -> 58513771 | N37: =SUMIFS('(계획)비용계획 상세_26년'!T:T,'(계획)비용계획 상세_26년'!$I:$I,'(계획)손익계산서 월별계획'!$B$35,'(계획)비용계획 상세_26년'!$B:$B,'(계획)손익계산서 월별계획'!$B37) -> 23455511 | O37: =SUMIFS('(계획)비용계획 상세_26년'!U:U,'(계획)비용계획 상세_26년'!$I:$I,'(계획)손익계산서 월별계획'!$B$35,'(계획)비용계획 상세_26년'!$B:$B,'(계획)손익계산서 월별계획'!$B37) -> 23000360 | P37: =SUMIFS('(계획)비용계획 상세_26년'!V:V,'(계획)비용계획 상세_26년'!$I:$I,'(계획)손익계산서 월별계획'!$B$35,'(계획)비용계획 상세_26년'!$B:$B,'(계획)손익계산서 월별계획'!$B37) -> 58252966
B38: 세금,보험 | C38: =SUM(E38:P38) -> 4.7398803e+08 | E38: =SUMIFS('(계획)비용계획 상세_26년'!K:K,'(계획)비용계획 상세_26년'!$I:$I,'(계획)손익계산서 월별계획'!$B$35,'(계획)비용계획 상세_26년'!$B:$B,'(계획)손익계산서 월별계획'!$B38) -> 38314585 | F38: =SUMIFS('(계획)비용계획 상세_26년'!L:L,'(계획)비용계획 상세_26년'!$I:$I,'(계획)손익계산서 월별계획'!$B$35,'(계획)비용계획 상세_26년'!$B:$B,'(계획)손익계산서 월별계획'!$B38) -> 36361015 | G38: =SUMIFS('(계획)비용계획 상세_26년'!M:M,'(계획)비용계획 상세_26년'!$I:$I,'(계획)손익계산서 월별계획'!$B$35,'(계획)비용계획 상세_26년'!$B:$B,'(계획)손익계산서 월별계획'!$B38) -> 33278280 | H38: =SUMIFS('(계획)비용계획 상세_26년'!N:N,'(계획)비용계획 상세_26년'!$I:$I,'(계획)손익계산서 월별계획'!$B$35,'(계획)비용계획 상세_26년'!$B:$B,'(계획)손익계산서 월별계획'!$B38) -> 37889953 | I38: =SUMIFS('(계획)비용계획 상세_26년'!O:O,'(계획)비용계획 상세_26년'!$I:$I,'(계획)손익계산서 월별계획'!$B$35,'(계획)비용계획 상세_26년'!$B:$B,'(계획)손익계산서 월별계획'!$B38) -> 36086361 | J38: =SUMIFS('(계획)비용계획 상세_26년'!P:P,'(계획)비용계획 상세_26년'!$I:$I,'(계획)손익계산서 월별계획'!$B$35,'(계획)비용계획 상세_26년'!$B:$B,'(계획)손익계산서 월별계획'!$B38) -> 34858764 | K38: =SUMIFS('(계획)비용계획 상세_26년'!Q:Q,'(계획)비용계획 상세_26년'!$I:$I,'(계획)손익계산서 월별계획'!$B$35,'(계획)비용계획 상세_26년'!$B:$B,'(계획)손익계산서 월별계획'!$B38) -> 51764678 | L38: =SUMIFS('(계획)비용계획 상세_26년'!R:R,'(계획)비용계획 상세_26년'!$I:$I,'(계획)손익계산서 월별계획'!$B$35,'(계획)비용계획 상세_26년'!$B:$B,'(계획)손익계산서 월별계획'!$B38) -> 35069686 | M38: =SUMIFS('(계획)비용계획 상세_26년'!S:S,'(계획)비용계획 상세_26년'!$I:$I,'(계획)손익계산서 월별계획'!$B$35,'(계획)비용계획 상세_26년'!$B:$B,'(계획)손익계산서 월별계획'!$B38) -> 41906333 | N38: =SUMIFS('(계획)비용계획 상세_26년'!T:T,'(계획)비용계획 상세_26년'!$I:$I,'(계획)손익계산서 월별계획'!$B$35,'(계획)비용계획 상세_26년'!$B:$B,'(계획)손익계산서 월별계획'!$B38) -> 46687272 | O38: =SUMIFS('(계획)비용계획 상세_26년'!U:U,'(계획)비용계획 상세_26년'!$I:$I,'(계획)손익계산서 월별계획'!$B$35,'(계획)비용계획 상세_26년'!$B:$B,'(계획)손익계산서 월별계획'!$B38) -> 37523677 | P38: =SUMIFS('(계획)비용계획 상세_26년'!V:V,'(계획)비용계획 상세_26년'!$I:$I,'(계획)손익계산서 월별계획'!$B$35,'(계획)비용계획 상세_26년'!$B:$B,'(계획)손익계산서 월별계획'!$B38) -> 44247421
B39: 복리후생비 | C39: =SUM(E39:P39) -> 3.7167399e+08 | E39: =SUMIFS('(계획)비용계획 상세_26년'!K:K,'(계획)비용계획 상세_26년'!$I:$I,'(계획)손익계산서 월별계획'!$B$35,'(계획)비용계획 상세_26년'!$B:$B,'(계획)손익계산서 월별계획'!$B39) -> 17105492 | F39: =SUMIFS('(계획)비용계획 상세_26년'!L:L,'(계획)비용계획 상세_26년'!$I:$I,'(계획)손익계산서 월별계획'!$B$35,'(계획)비용계획 상세_26년'!$B:$B,'(계획)손익계산서 월별계획'!$B39) -> 41837258 | G39: =SUMIFS('(계획)비용계획 상세_26년'!M:M,'(계획)비용계획 상세_26년'!$I:$I,'(계획)손익계산서 월별계획'!$B$35,'(계획)비용계획 상세_26년'!$B:$B,'(계획)손익계산서 월별계획'!$B39) -> 25836756 | H39: =SUMIFS('(계획)비용계획 상세_26년'!N:N,'(계획)비용계획 상세_26년'!$I:$I,'(계획)손익계산서 월별계획'!$B$35,'(계획)비용계획 상세_26년'!$B:$B,'(계획)손익계산서 월별계획'!$B39) -> 18992835 | I39: =SUMIFS('(계획)비용계획 상세_26년'!O:O,'(계획)비용계획 상세_26년'!$I:$I,'(계획)손익계산서 월별계획'!$B$35,'(계획)비용계획 상세_26년'!$B:$B,'(계획)손익계산서 월별계획'!$B39) -> 16975776 | J39: =SUMIFS('(계획)비용계획 상세_26년'!P:P,'(계획)비용계획 상세_26년'!$I:$I,'(계획)손익계산서 월별계획'!$B$35,'(계획)비용계획 상세_26년'!$B:$B,'(계획)손익계산서 월별계획'!$B39) -> 18724985 | K39: =SUMIFS('(계획)비용계획 상세_26년'!Q:Q,'(계획)비용계획 상세_26년'!$I:$I,'(계획)손익계산서 월별계획'!$B$35,'(계획)비용계획 상세_26년'!$B:$B,'(계획)손익계산서 월별계획'!$B39) -> 15168238 | L39: =SUMIFS('(계획)비용계획 상세_26년'!R:R,'(계획)비용계획 상세_26년'!$I:$I,'(계획)손익계산서 월별계획'!$B$35,'(계획)비용계획 상세_26년'!$B:$B,'(계획)손익계산서 월별계획'!$B39) -> 84970399 | M39: =SUMIFS('(계획)비용계획 상세_26년'!S:S,'(계획)비용계획 상세_26년'!$I:$I,'(계획)손익계산서 월별계획'!$B$35,'(계획)비용계획 상세_26년'!$B:$B,'(계획)손익계산서 월별계획'!$B39) -> 27740146 | N39: =SUMIFS('(계획)비용계획 상세_26년'!T:T,'(계획)비용계획 상세_26년'!$I:$I,'(계획)손익계산서 월별계획'!$B$35,'(계획)비용계획 상세_26년'!$B:$B,'(계획)손익계산서 월별계획'!$B39) -> 14847071 | O39: =SUMIFS('(계획)비용계획 상세_26년'!U:U,'(계획)비용계획 상세_26년'!$I:$I,'(계획)손익계산서 월별계획'!$B$35,'(계획)비용계획 상세_26년'!$B:$B,'(계획)손익계산서 월별계획'!$B39) -> 21152491 | P39: =SUMIFS('(계획)비용계획 상세_26년'!V:V,'(계획)비용계획 상세_26년'!$I:$I,'(계획)손익계산서 월별계획'!$B$35,'(계획)비용계획 상세_26년'!$B:$B,'(계획)손익계산서 월별계획'!$B39) -> 68322545
B40: 운반비 | C40: =SUM(E40:P40) -> 0
B41: 포장비 | C41: =SUM(E41:P41) -> 0 | E41: =SUMIFS('(계획)비용계획 상세_26년'!K:K,'(계획)비용계획 상세_26년'!$I:$I,'(계획)손익계산서 월별계획'!$B$35,'(계획)비용계획 상세_26년'!$B:$B,'(계획)손익계산서 월별계획'!$B41) -> 0 | F41: =SUMIFS('(계획)비용계획 상세_26년'!L:L,'(계획)비용계획 상세_26년'!$I:$I,'(계획)손익계산서 월별계획'!$B$35,'(계획)비용계획 상세_26년'!$B:$B,'(계획)손익계산서 월별계획'!$B41) -> 0 | G41: =SUMIFS('(계획)비용계획 상세_26년'!M:M,'(계획)비용계획 상세_26년'!$I:$I,'(계획)손익계산서 월별계획'!$B$35,'(계획)비용계획 상세_26년'!$B:$B,'(계획)손익계산서 월별계획'!$B41) -> 0 | H41: =SUMIFS('(계획)비용계획 상세_26년'!N:N,'(계획)비용계획 상세_26년'!$I:$I,'(계획)손익계산서 월별계획'!$B$35,'(계획)비용계획 상세_26년'!$B:$B,'(계획)손익계산서 월별계획'!$B41) -> 0 | I41: =SUMIFS('(계획)비용계획 상세_26년'!O:O,'(계획)비용계획 상세_26년'!$I:$I,'(계획)손익계산서 월별계획'!$B$35,'(계획)비용계획 상세_26년'!$B:$B,'(계획)손익계산서 월별계획'!$B41) -> 0 | J41: =SUMIFS('(계획)비용계획 상세_26년'!P:P,'(계획)비용계획 상세_26년'!$I:$I,'(계획)손익계산서 월별계획'!$B$35,'(계획)비용계획 상세_26년'!$B:$B,'(계획)손익계산서 월별계획'!$B41) -> 0 | K41: =SUMIFS('(계획)비용계획 상세_26년'!Q:Q,'(계획)비용계획 상세_26년'!$I:$I,'(계획)손익계산서 월별계획'!$B$35,'(계획)비용계획 상세_26년'!$B:$B,'(계획)손익계산서 월별계획'!$B41) -> 0 | L41: =SUMIFS('(계획)비용계획 상세_26년'!R:R,'(계획)비용계획 상세_26년'!$I:$I,'(계획)손익계산서 월별계획'!$B$35,'(계획)비용계획 상세_26년'!$B:$B,'(계획)손익계산서 월별계획'!$B41) -> 0 | M41: =SUMIFS('(계획)비용계획 상세_26년'!S:S,'(계획)비용계획 상세_26년'!$I:$I,'(계획)손익계산서 월별계획'!$B$35,'(계획)비용계획 상세_26년'!$B:$B,'(계획)손익계산서 월별계획'!$B41) -> 0 | N41: =SUMIFS('(계획)비용계획 상세_26년'!T:T,'(계획)비용계획 상세_26년'!$I:$I,'(계획)손익계산서 월별계획'!$B$35,'(계획)비용계획 상세_26년'!$B:$B,'(계획)손익계산서 월별계획'!$B41) -> 0 | O41: =SUMIFS('(계획)비용계획 상세_26년'!U:U,'(계획)비용계획 상세_26년'!$I:$I,'(계획)손익계산서 월별계획'!$B$35,'(계획)비용계획 상세_26년'!$B:$B,'(계획)손익계산서 월별계획'!$B41) -> 0 | P41: =SUMIFS('(계획)비용계획 상세_26년'!V:V,'(계획)비용계획 상세_26년'!$I:$I,'(계획)손익계산서 월별계획'!$B$35,'(계획)비용계획 상세_26년'!$B:$B,'(계획)손익계산서 월별계획'!$B41) -> 0
B42: 광고선전비 | C42: =SUM(E42:P42) -> 0 | E42: =SUMIFS('(계획)비용계획 상세_26년'!K:K,'(계획)비용계획 상세_26년'!$I:$I,'(계획)손익계산서 월별계획'!$B$35,'(계획)비용계획 상세_26년'!$B:$B,'(계획)손익계산서 월별계획'!$B42) -> 0 | F42: =SUMIFS('(계획)비용계획 상세_26년'!L:L,'(계획)비용계획 상세_26년'!$I:$I,'(계획)손익계산서 월별계획'!$B$35,'(계획)비용계획 상세_26년'!$B:$B,'(계획)손익계산서 월별계획'!$B42) -> 0 | G42: =SUMIFS('(계획)비용계획 상세_26년'!M:M,'(계획)비용계획 상세_26년'!$I:$I,'(계획)손익계산서 월별계획'!$B$35,'(계획)비용계획 상세_26년'!$B:$B,'(계획)손익계산서 월별계획'!$B42) -> 0 | H42: =SUMIFS('(계획)비용계획 상세_26년'!N:N,'(계획)비용계획 상세_26년'!$I:$I,'(계획)손익계산서 월별계획'!$B$35,'(계획)비용계획 상세_26년'!$B:$B,'(계획)손익계산서 월별계획'!$B42) -> 0 | I42: =SUMIFS('(계획)비용계획 상세_26년'!O:O,'(계획)비용계획 상세_26년'!$I:$I,'(계획)손익계산서 월별계획'!$B$35,'(계획)비용계획 상세_26년'!$B:$B,'(계획)손익계산서 월별계획'!$B42) -> 0 | J42: =SUMIFS('(계획)비용계획 상세_26년'!P:P,'(계획)비용계획 상세_26년'!$I:$I,'(계획)손익계산서 월별계획'!$B$35,'(계획)비용계획 상세_26년'!$B:$B,'(계획)손익계산서 월별계획'!$B42) -> 0 | K42: =SUMIFS('(계획)비용계획 상세_26년'!Q:Q,'(계획)비용계획 상세_26년'!$I:$I,'(계획)손익계산서 월별계획'!$B$35,'(계획)비용계획 상세_26년'!$B:$B,'(계획)손익계산서 월별계획'!$B42) -> 0 | L42: =SUMIFS('(계획)비용계획 상세_26년'!R:R,'(계획)비용계획 상세_26년'!$I:$I,'(계획)손익계산서 월별계획'!$B$35,'(계획)비용계획 상세_26년'!$B:$B,'(계획)손익계산서 월별계획'!$B42) -> 0 | M42: =SUMIFS('(계획)비용계획 상세_26년'!S:S,'(계획)비용계획 상세_26년'!$I:$I,'(계획)손익계산서 월별계획'!$B$35,'(계획)비용계획 상세_26년'!$B:$B,'(계획)손익계산서 월별계획'!$B42) -> 0 | N42: =SUMIFS('(계획)비용계획 상세_26년'!T:T,'(계획)비용계획 상세_26년'!$I:$I,'(계획)손익계산서 월별계획'!$B$35,'(계획)비용계획 상세_26년'!$B:$B,'(계획)손익계산서 월별계획'!$B42) -> 0 | O42: =SUMIFS('(계획)비용계획 상세_26년'!U:U,'(계획)비용계획 상세_26년'!$I:$I,'(계획)손익계산서 월별계획'!$B$35,'(계획)비용계획 상세_26년'!$B:$B,'(계획)손익계산서 월별계획'!$B42) -> 0 | P42: =SUMIFS('(계획)비용계획 상세_26년'!V:V,'(계획)비용계획 상세_26년'!$I:$I,'(계획)손익계산서 월별계획'!$B$35,'(계획)비용계획 상세_26년'!$B:$B,'(계획)손익계산서 월별계획'!$B42) -> 0
B43: 지급수수료 | C43: =SUM(E43:P43) -> 1.3008292e+09 | E43: =SUMIFS('(계획)비용계획 상세_26년'!K:K,'(계획)비용계획 상세_26년'!$I:$I,'(계획)손익계산서 월별계획'!$B$35,'(계획)비용계획 상세_26년'!$B:$B,'(계획)손익계산서 월별계획'!$B43) -> 1.2236385e+08 | F43: =SUMIFS('(계획)비용계획 상세_26년'!L:L,'(계획)비용계획 상세_26년'!$I:$I,'(계획)손익계산서 월별계획'!$B$35,'(계획)비용계획 상세_26년'!$B:$B,'(계획)손익계산서 월별계획'!$B43) -> 1.2673725e+08 | G43: =SUMIFS('(계획)비용계획 상세_26년'!M:M,'(계획)비용계획 상세_26년'!$I:$I,'(계획)손익계산서 월별계획'!$B$35,'(계획)비용계획 상세_26년'!$B:$B,'(계획)손익계산서 월별계획'!$B43) -> 1.3416874e+08 | H43: =SUMIFS('(계획)비용계획 상세_26년'!N:N,'(계획)비용계획 상세_26년'!$I:$I,'(계획)손익계산서 월별계획'!$B$35,'(계획)비용계획 상세_26년'!$B:$B,'(계획)손익계산서 월별계획'!$B43) -> 1.3360548e+08 | I43: =SUMIFS('(계획)비용계획 상세_26년'!O:O,'(계획)비용계획 상세_26년'!$I:$I,'(계획)손익계산서 월별계획'!$B$35,'(계획)비용계획 상세_26년'!$B:$B,'(계획)손익계산서 월별계획'!$B43) -> 1.3156765e+08 | J43: =SUMIFS('(계획)비용계획 상세_26년'!P:P,'(계획)비용계획 상세_26년'!$I:$I,'(계획)손익계산서 월별계획'!$B$35,'(계획)비용계획 상세_26년'!$B:$B,'(계획)손익계산서 월별계획'!$B43) -> 95764622 | K43: =SUMIFS('(계획)비용계획 상세_26년'!Q:Q,'(계획)비용계획 상세_26년'!$I:$I,'(계획)손익계산서 월별계획'!$B$35,'(계획)비용계획 상세_26년'!$B:$B,'(계획)손익계산서 월별계획'!$B43) -> 91160021 | L43: =SUMIFS('(계획)비용계획 상세_26년'!R:R,'(계획)비용계획 상세_26년'!$I:$I,'(계획)손익계산서 월별계획'!$B$35,'(계획)비용계획 상세_26년'!$B:$B,'(계획)손익계산서 월별계획'!$B43) -> 81347245 | M43: =SUMIFS('(계획)비용계획 상세_26년'!S:S,'(계획)비용계획 상세_26년'!$I:$I,'(계획)손익계산서 월별계획'!$B$35,'(계획)비용계획 상세_26년'!$B:$B,'(계획)손익계산서 월별계획'!$B43) -> 90648331 | N43: =SUMIFS('(계획)비용계획 상세_26년'!T:T,'(계획)비용계획 상세_26년'!$I:$I,'(계획)손익계산서 월별계획'!$B$35,'(계획)비용계획 상세_26년'!$B:$B,'(계획)손익계산서 월별계획'!$B43) -> 99981793 | O43: =SUMIFS('(계획)비용계획 상세_26년'!U:U,'(계획)비용계획 상세_26년'!$I:$I,'(계획)손익계산서 월별계획'!$B$35,'(계획)비용계획 상세_26년'!$B:$B,'(계획)손익계산서 월별계획'!$B43) -> 91177655 | P43: =SUMIFS('(계획)비용계획 상세_26년'!V:V,'(계획)비용계획 상세_26년'!$I:$I,'(계획)손익계산서 월별계획'!$B$35,'(계획)비용계획 상세_26년'!$B:$B,'(계획)손익계산서 월별계획'!$B43) -> 1.0230653e+08
B44: 여비교통비 | C44: =SUM(E44:P44) -> 3.113718e+08 | E44: =SUMIFS('(계획)비용계획 상세_26년'!K:K,'(계획)비용계획 상세_26년'!$I:$I,'(계획)손익계산서 월별계획'!$B$35,'(계획)비용계획 상세_26년'!$B:$B,'(계획)손익계산서 월별계획'!$B44) -> 18778864 | F44: =SUMIFS('(계획)비용계획 상세_26년'!L:L,'(계획)비용계획 상세_26년'!$I:$I,'(계획)손익계산서 월별계획'!$B$35,'(계획)비용계획 상세_26년'!$B:$B,'(계획)손익계산서 월별계획'!$B44) -> 12040585 | G44: =SUMIFS('(계획)비용계획 상세_26년'!M:M,'(계획)비용계획 상세_26년'!$I:$I,'(계획)손익계산서 월별계획'!$B$35,'(계획)비용계획 상세_26년'!$B:$B,'(계획)손익계산서 월별계획'!$B44) -> 27451462 | H44: =SUMIFS('(계획)비용계획 상세_26년'!N:N,'(계획)비용계획 상세_26년'!$I:$I,'(계획)손익계산서 월별계획'!$B$35,'(계획)비용계획 상세_26년'!$B:$B,'(계획)손익계산서 월별계획'!$B44) -> 14940090 | I44: =SUMIFS('(계획)비용계획 상세_26년'!O:O,'(계획)비용계획 상세_26년'!$I:$I,'(계획)손익계산서 월별계획'!$B$35,'(계획)비용계획 상세_26년'!$B:$B,'(계획)손익계산서 월별계획'!$B44) -> 46237930 | J44: =SUMIFS('(계획)비용계획 상세_26년'!P:P,'(계획)비용계획 상세_26년'!$I:$I,'(계획)손익계산서 월별계획'!$B$35,'(계획)비용계획 상세_26년'!$B:$B,'(계획)손익계산서 월별계획'!$B44) -> 35205898 | K44: =SUMIFS('(계획)비용계획 상세_26년'!Q:Q,'(계획)비용계획 상세_26년'!$I:$I,'(계획)손익계산서 월별계획'!$B$35,'(계획)비용계획 상세_26년'!$B:$B,'(계획)손익계산서 월별계획'!$B44) -> 34608864 | L44: =SUMIFS('(계획)비용계획 상세_26년'!R:R,'(계획)비용계획 상세_26년'!$I:$I,'(계획)손익계산서 월별계획'!$B$35,'(계획)비용계획 상세_26년'!$B:$B,'(계획)손익계산서 월별계획'!$B44) -> 23493893 | M44: =SUMIFS('(계획)비용계획 상세_26년'!S:S,'(계획)비용계획 상세_26년'!$I:$I,'(계획)손익계산서 월별계획'!$B$35,'(계획)비용계획 상세_26년'!$B:$B,'(계획)손익계산서 월별계획'!$B44) -> 34697275 | N44: =SUMIFS('(계획)비용계획 상세_26년'!T:T,'(계획)비용계획 상세_26년'!$I:$I,'(계획)손익계산서 월별계획'!$B$35,'(계획)비용계획 상세_26년'!$B:$B,'(계획)손익계산서 월별계획'!$B44) -> 12494890 | O44: =SUMIFS('(계획)비용계획 상세_26년'!U:U,'(계획)비용계획 상세_26년'!$I:$I,'(계획)손익계산서 월별계획'!$B$35,'(계획)비용계획 상세_26년'!$B:$B,'(계획)손익계산서 월별계획'!$B44) -> 19938864 | P44: =SUMIFS('(계획)비용계획 상세_26년'!V:V,'(계획)비용계획 상세_26년'!$I:$I,'(계획)손익계산서 월별계획'!$B$35,'(계획)비용계획 상세_26년'!$B:$B,'(계획)손익계산서 월별계획'!$B44) -> 31483182
B45: 감가상각비 | C45: =SUM(E45:P45) -> 3.4248268e+08 | E45: =SUMIFS('(계획)비용계획 상세_26년'!K:K,'(계획)비용계획 상세_26년'!$I:$I,'(계획)손익계산서 월별계획'!$B$35,'(계획)비용계획 상세_26년'!$B:$B,'(계획)손익계산서 월별계획'!$B45) -> 28571641 | F45: =SUMIFS('(계획)비용계획 상세_26년'!L:L,'(계획)비용계획 상세_26년'!$I:$I,'(계획)손익계산서 월별계획'!$B$35,'(계획)비용계획 상세_26년'!$B:$B,'(계획)손익계산서 월별계획'!$B45) -> 28571652 | G45: =SUMIFS('(계획)비용계획 상세_26년'!M:M,'(계획)비용계획 상세_26년'!$I:$I,'(계획)손익계산서 월별계획'!$B$35,'(계획)비용계획 상세_26년'!$B:$B,'(계획)손익계산서 월별계획'!$B45) -> 28571652 | H45: =SUMIFS('(계획)비용계획 상세_26년'!N:N,'(계획)비용계획 상세_26년'!$I:$I,'(계획)손익계산서 월별계획'!$B$35,'(계획)비용계획 상세_26년'!$B:$B,'(계획)손익계산서 월별계획'!$B45) -> 28571652 | I45: =SUMIFS('(계획)비용계획 상세_26년'!O:O,'(계획)비용계획 상세_26년'!$I:$I,'(계획)손익계산서 월별계획'!$B$35,'(계획)비용계획 상세_26년'!$B:$B,'(계획)손익계산서 월별계획'!$B45) -> 28571652 | J45: =SUMIFS('(계획)비용계획 상세_26년'!P:P,'(계획)비용계획 상세_26년'!$I:$I,'(계획)손익계산서 월별계획'!$B$35,'(계획)비용계획 상세_26년'!$B:$B,'(계획)손익계산서 월별계획'!$B45) -> 28571651 | K45: =SUMIFS('(계획)비용계획 상세_26년'!Q:Q,'(계획)비용계획 상세_26년'!$I:$I,'(계획)손익계산서 월별계획'!$B$35,'(계획)비용계획 상세_26년'!$B:$B,'(계획)손익계산서 월별계획'!$B45) -> 28571652 | L45: =SUMIFS('(계획)비용계획 상세_26년'!R:R,'(계획)비용계획 상세_26년'!$I:$I,'(계획)손익계산서 월별계획'!$B$35,'(계획)비용계획 상세_26년'!$B:$B,'(계획)손익계산서 월별계획'!$B45) -> 28571652 | M45: =SUMIFS('(계획)비용계획 상세_26년'!S:S,'(계획)비용계획 상세_26년'!$I:$I,'(계획)손익계산서 월별계획'!$B$35,'(계획)비용계획 상세_26년'!$B:$B,'(계획)손익계산서 월별계획'!$B45) -> 28554139 | N45: =SUMIFS('(계획)비용계획 상세_26년'!T:T,'(계획)비용계획 상세_26년'!$I:$I,'(계획)손익계산서 월별계획'!$B$35,'(계획)비용계획 상세_26년'!$B:$B,'(계획)손익계산서 월별계획'!$B45) -> 28554122 | O45: =SUMIFS('(계획)비용계획 상세_26년'!U:U,'(계획)비용계획 상세_26년'!$I:$I,'(계획)손익계산서 월별계획'!$B$35,'(계획)비용계획 상세_26년'!$B:$B,'(계획)손익계산서 월별계획'!$B45) -> 28400607 | P45: =SUMIFS('(계획)비용계획 상세_26년'!V:V,'(계획)비용계획 상세_26년'!$I:$I,'(계획)손익계산서 월별계획'!$B$35,'(계획)비용계획 상세_26년'!$B:$B,'(계획)손익계산서 월별계획'!$B45) -> 28400607
B46: 개발비 | C46: =SUM(E46:P46) -> 330000000 | E46: =SUMIFS('(계획)비용계획 상세_26년'!K:K,'(계획)비용계획 상세_26년'!$I:$I,'(계획)손익계산서 월별계획'!$B$35,'(계획)비용계획 상세_26년'!$B:$B,'(계획)손익계산서 월별계획'!$B46) -> 62000000 | F46: =SUMIFS('(계획)비용계획 상세_26년'!L:L,'(계획)비용계획 상세_26년'!$I:$I,'(계획)손익계산서 월별계획'!$B$35,'(계획)비용계획 상세_26년'!$B:$B,'(계획)손익계산서 월별계획'!$B46) -> 62000000 | G46: =SUMIFS('(계획)비용계획 상세_26년'!M:M,'(계획)비용계획 상세_26년'!$I:$I,'(계획)손익계산서 월별계획'!$B$35,'(계획)비용계획 상세_26년'!$B:$B,'(계획)손익계산서 월별계획'!$B46) -> 8000000 | H46: =SUMIFS('(계획)비용계획 상세_26년'!N:N,'(계획)비용계획 상세_26년'!$I:$I,'(계획)손익계산서 월별계획'!$B$35,'(계획)비용계획 상세_26년'!$B:$B,'(계획)손익계산서 월별계획'!$B46) -> 22000000 | I46: =SUMIFS('(계획)비용계획 상세_26년'!O:O,'(계획)비용계획 상세_26년'!$I:$I,'(계획)손익계산서 월별계획'!$B$35,'(계획)비용계획 상세_26년'!$B:$B,'(계획)손익계산서 월별계획'!$B46) -> 22000000 | J46: =SUMIFS('(계획)비용계획 상세_26년'!P:P,'(계획)비용계획 상세_26년'!$I:$I,'(계획)손익계산서 월별계획'!$B$35,'(계획)비용계획 상세_26년'!$B:$B,'(계획)손익계산서 월별계획'!$B46) -> 22000000 | K46: =SUMIFS('(계획)비용계획 상세_26년'!Q:Q,'(계획)비용계획 상세_26년'!$I:$I,'(계획)손익계산서 월별계획'!$B$35,'(계획)비용계획 상세_26년'!$B:$B,'(계획)손익계산서 월별계획'!$B46) -> 22000000 | L46: =SUMIFS('(계획)비용계획 상세_26년'!R:R,'(계획)비용계획 상세_26년'!$I:$I,'(계획)손익계산서 월별계획'!$B$35,'(계획)비용계획 상세_26년'!$B:$B,'(계획)손익계산서 월별계획'!$B46) -> 22000000 | M46: =SUMIFS('(계획)비용계획 상세_26년'!S:S,'(계획)비용계획 상세_26년'!$I:$I,'(계획)손익계산서 월별계획'!$B$35,'(계획)비용계획 상세_26년'!$B:$B,'(계획)손익계산서 월별계획'!$B46) -> 22000000 | N46: =SUMIFS('(계획)비용계획 상세_26년'!T:T,'(계획)비용계획 상세_26년'!$I:$I,'(계획)손익계산서 월별계획'!$B$35,'(계획)비용계획 상세_26년'!$B:$B,'(계획)손익계산서 월별계획'!$B46) -> 22000000 | O46: =SUMIFS('(계획)비용계획 상세_26년'!U:U,'(계획)비용계획 상세_26년'!$I:$I,'(계획)손익계산서 월별계획'!$B$35,'(계획)비용계획 상세_26년'!$B:$B,'(계획)손익계산서 월별계획'!$B46) -> 22000000 | P46: =SUMIFS('(계획)비용계획 상세_26년'!V:V,'(계획)비용계획 상세_26년'!$I:$I,'(계획)손익계산서 월별계획'!$B$35,'(계획)비용계획 상세_26년'!$B:$B,'(계획)손익계산서 월별계획'!$B46) -> 22000000
B47: 충당비용 | C47: =SUM(E47:P47) -> 0 | E47: =SUMIFS('(계획)비용계획 상세_26년'!K:K,'(계획)비용계획 상세_26년'!$I:$I,'(계획)손익계산서 월별계획'!$B$35,'(계획)비용계획 상세_26년'!$B:$B,'(계획)손익계산서 월별계획'!$B47) -> 0 | F47: =SUMIFS('(계획)비용계획 상세_26년'!L:L,'(계획)비용계획 상세_26년'!$I:$I,'(계획)손익계산서 월별계획'!$B$35,'(계획)비용계획 상세_26년'!$B:$B,'(계획)손익계산서 월별계획'!$B47) -> 0 | G47: =SUMIFS('(계획)비용계획 상세_26년'!M:M,'(계획)비용계획 상세_26년'!$I:$I,'(계획)손익계산서 월별계획'!$B$35,'(계획)비용계획 상세_26년'!$B:$B,'(계획)손익계산서 월별계획'!$B47) -> 0 | H47: =SUMIFS('(계획)비용계획 상세_26년'!N:N,'(계획)비용계획 상세_26년'!$I:$I,'(계획)손익계산서 월별계획'!$B$35,'(계획)비용계획 상세_26년'!$B:$B,'(계획)손익계산서 월별계획'!$B47) -> 0 | I47: =SUMIFS('(계획)비용계획 상세_26년'!O:O,'(계획)비용계획 상세_26년'!$I:$I,'(계획)손익계산서 월별계획'!$B$35,'(계획)비용계획 상세_26년'!$B:$B,'(계획)손익계산서 월별계획'!$B47) -> 0 | J47: =SUMIFS('(계획)비용계획 상세_26년'!P:P,'(계획)비용계획 상세_26년'!$I:$I,'(계획)손익계산서 월별계획'!$B$35,'(계획)비용계획 상세_26년'!$B:$B,'(계획)손익계산서 월별계획'!$B47) -> 0 | K47: =SUMIFS('(계획)비용계획 상세_26년'!Q:Q,'(계획)비용계획 상세_26년'!$I:$I,'(계획)손익계산서 월별계획'!$B$35,'(계획)비용계획 상세_26년'!$B:$B,'(계획)손익계산서 월별계획'!$B47) -> 0 | L47: =SUMIFS('(계획)비용계획 상세_26년'!R:R,'(계획)비용계획 상세_26년'!$I:$I,'(계획)손익계산서 월별계획'!$B$35,'(계획)비용계획 상세_26년'!$B:$B,'(계획)손익계산서 월별계획'!$B47) -> 0 | M47: =SUMIFS('(계획)비용계획 상세_26년'!S:S,'(계획)비용계획 상세_26년'!$I:$I,'(계획)손익계산서 월별계획'!$B$35,'(계획)비용계획 상세_26년'!$B:$B,'(계획)손익계산서 월별계획'!$B47) -> 0 | N47: =SUMIFS('(계획)비용계획 상세_26년'!T:T,'(계획)비용계획 상세_26년'!$I:$I,'(계획)손익계산서 월별계획'!$B$35,'(계획)비용계획 상세_26년'!$B:$B,'(계획)손익계산서 월별계획'!$B47) -> 0 | O47: =SUMIFS('(계획)비용계획 상세_26년'!U:U,'(계획)비용계획 상세_26년'!$I:$I,'(계획)손익계산서 월별계획'!$B$35,'(계획)비용계획 상세_26년'!$B:$B,'(계획)손익계산서 월별계획'!$B47) -> 0 | P47: =SUMIFS('(계획)비용계획 상세_26년'!V:V,'(계획)비용계획 상세_26년'!$I:$I,'(계획)손익계산서 월별계획'!$B$35,'(계획)비용계획 상세_26년'!$B:$B,'(계획)손익계산서 월별계획'!$B47) -> 0
B48: 외주비 | C48: =SUM(E48:P48) -> 0 | E48: =SUMIFS('(계획)비용계획 상세_26년'!K:K,'(계획)비용계획 상세_26년'!$I:$I,'(계획)손익계산서 월별계획'!$B$35,'(계획)비용계획 상세_26년'!$B:$B,'(계획)손익계산서 월별계획'!$B48) -> 0 | F48: =SUMIFS('(계획)비용계획 상세_26년'!L:L,'(계획)비용계획 상세_26년'!$I:$I,'(계획)손익계산서 월별계획'!$B$35,'(계획)비용계획 상세_26년'!$B:$B,'(계획)손익계산서 월별계획'!$B48) -> 0 | G48: =SUMIFS('(계획)비용계획 상세_26년'!M:M,'(계획)비용계획 상세_26년'!$I:$I,'(계획)손익계산서 월별계획'!$B$35,'(계획)비용계획 상세_26년'!$B:$B,'(계획)손익계산서 월별계획'!$B48) -> 0 | H48: =SUMIFS('(계획)비용계획 상세_26년'!N:N,'(계획)비용계획 상세_26년'!$I:$I,'(계획)손익계산서 월별계획'!$B$35,'(계획)비용계획 상세_26년'!$B:$B,'(계획)손익계산서 월별계획'!$B48) -> 0 | I48: =SUMIFS('(계획)비용계획 상세_26년'!O:O,'(계획)비용계획 상세_26년'!$I:$I,'(계획)손익계산서 월별계획'!$B$35,'(계획)비용계획 상세_26년'!$B:$B,'(계획)손익계산서 월별계획'!$B48) -> 0 | J48: =SUMIFS('(계획)비용계획 상세_26년'!P:P,'(계획)비용계획 상세_26년'!$I:$I,'(계획)손익계산서 월별계획'!$B$35,'(계획)비용계획 상세_26년'!$B:$B,'(계획)손익계산서 월별계획'!$B48) -> 0 | K48: =SUMIFS('(계획)비용계획 상세_26년'!Q:Q,'(계획)비용계획 상세_26년'!$I:$I,'(계획)손익계산서 월별계획'!$B$35,'(계획)비용계획 상세_26년'!$B:$B,'(계획)손익계산서 월별계획'!$B48) -> 0 | L48: =SUMIFS('(계획)비용계획 상세_26년'!R:R,'(계획)비용계획 상세_26년'!$I:$I,'(계획)손익계산서 월별계획'!$B$35,'(계획)비용계획 상세_26년'!$B:$B,'(계획)손익계산서 월별계획'!$B48) -> 0 | M48: =SUMIFS('(계획)비용계획 상세_26년'!S:S,'(계획)비용계획 상세_26년'!$I:$I,'(계획)손익계산서 월별계획'!$B$35,'(계획)비용계획 상세_26년'!$B:$B,'(계획)손익계산서 월별계획'!$B48) -> 0 | N48: =SUMIFS('(계획)비용계획 상세_26년'!T:T,'(계획)비용계획 상세_26년'!$I:$I,'(계획)손익계산서 월별계획'!$B$35,'(계획)비용계획 상세_26년'!$B:$B,'(계획)손익계산서 월별계획'!$B48) -> 0 | O48: =SUMIFS('(계획)비용계획 상세_26년'!U:U,'(계획)비용계획 상세_26년'!$I:$I,'(계획)손익계산서 월별계획'!$B$35,'(계획)비용계획 상세_26년'!$B:$B,'(계획)손익계산서 월별계획'!$B48) -> 0 | P48: =SUMIFS('(계획)비용계획 상세_26년'!V:V,'(계획)비용계획 상세_26년'!$I:$I,'(계획)손익계산서 월별계획'!$B$35,'(계획)비용계획 상세_26년'!$B:$B,'(계획)손익계산서 월별계획'!$B48) -> 0
B49: 기타비용 | C49: =SUM(E49:P49) -> 1.4518564e+08 | E49: =SUMIFS('(계획)비용계획 상세_26년'!K:K,'(계획)비용계획 상세_26년'!$I:$I,'(계획)손익계산서 월별계획'!$B$35,'(계획)비용계획 상세_26년'!$B:$B,'(계획)손익계산서 월별계획'!$B49) -> 10654549 | F49: =SUMIFS('(계획)비용계획 상세_26년'!L:L,'(계획)비용계획 상세_26년'!$I:$I,'(계획)손익계산서 월별계획'!$B$35,'(계획)비용계획 상세_26년'!$B:$B,'(계획)손익계산서 월별계획'!$B49) -> 10115871 | G49: =SUMIFS('(계획)비용계획 상세_26년'!M:M,'(계획)비용계획 상세_26년'!$I:$I,'(계획)손익계산서 월별계획'!$B$35,'(계획)비용계획 상세_26년'!$B:$B,'(계획)손익계산서 월별계획'!$B49) -> 15768248 | H49: =SUMIFS('(계획)비용계획 상세_26년'!N:N,'(계획)비용계획 상세_26년'!$I:$I,'(계획)손익계산서 월별계획'!$B$35,'(계획)비용계획 상세_26년'!$B:$B,'(계획)손익계산서 월별계획'!$B49) -> 10744419 | I49: =SUMIFS('(계획)비용계획 상세_26년'!O:O,'(계획)비용계획 상세_26년'!$I:$I,'(계획)손익계산서 월별계획'!$B$35,'(계획)비용계획 상세_26년'!$B:$B,'(계획)손익계산서 월별계획'!$B49) -> 10626999 | J49: =SUMIFS('(계획)비용계획 상세_26년'!P:P,'(계획)비용계획 상세_26년'!$I:$I,'(계획)손익계산서 월별계획'!$B$35,'(계획)비용계획 상세_26년'!$B:$B,'(계획)손익계산서 월별계획'!$B49) -> 14649696 | K49: =SUMIFS('(계획)비용계획 상세_26년'!Q:Q,'(계획)비용계획 상세_26년'!$I:$I,'(계획)손익계산서 월별계획'!$B$35,'(계획)비용계획 상세_26년'!$B:$B,'(계획)손익계산서 월별계획'!$B49) -> 11862896 | L49: =SUMIFS('(계획)비용계획 상세_26년'!R:R,'(계획)비용계획 상세_26년'!$I:$I,'(계획)손익계산서 월별계획'!$B$35,'(계획)비용계획 상세_26년'!$B:$B,'(계획)손익계산서 월별계획'!$B49) -> 10034418 | M49: =SUMIFS('(계획)비용계획 상세_26년'!S:S,'(계획)비용계획 상세_26년'!$I:$I,'(계획)손익계산서 월별계획'!$B$35,'(계획)비용계획 상세_26년'!$B:$B,'(계획)손익계산서 월별계획'!$B49) -> 12719129 | N49: =SUMIFS('(계획)비용계획 상세_26년'!T:T,'(계획)비용계획 상세_26년'!$I:$I,'(계획)손익계산서 월별계획'!$B$35,'(계획)비용계획 상세_26년'!$B:$B,'(계획)손익계산서 월별계획'!$B49) -> 11083265 | O49: =SUMIFS('(계획)비용계획 상세_26년'!U:U,'(계획)비용계획 상세_26년'!$I:$I,'(계획)손익계산서 월별계획'!$B$35,'(계획)비용계획 상세_26년'!$B:$B,'(계획)손익계산서 월별계획'!$B49) -> 12229334 | P49: =SUMIFS('(계획)비용계획 상세_26년'!V:V,'(계획)비용계획 상세_26년'!$I:$I,'(계획)손익계산서 월별계획'!$B$35,'(계획)비용계획 상세_26년'!$B:$B,'(계획)손익계산서 월별계획'!$B49) -> 14696815
B50: 투자비지원 | C50: =SUM(E50:P50) -> 0 | E50: =SUMIFS('(계획)비용계획 상세_26년'!K:K,'(계획)비용계획 상세_26년'!$I:$I,'(계획)손익계산서 월별계획'!$B$35,'(계획)비용계획 상세_26년'!$B:$B,'(계획)손익계산서 월별계획'!$B50) -> 0 | F50: =SUMIFS('(계획)비용계획 상세_26년'!L:L,'(계획)비용계획 상세_26년'!$I:$I,'(계획)손익계산서 월별계획'!$B$35,'(계획)비용계획 상세_26년'!$B:$B,'(계획)손익계산서 월별계획'!$B50) -> 0 | G50: =SUMIFS('(계획)비용계획 상세_26년'!M:M,'(계획)비용계획 상세_26년'!$I:$I,'(계획)손익계산서 월별계획'!$B$35,'(계획)비용계획 상세_26년'!$B:$B,'(계획)손익계산서 월별계획'!$B50) -> 0 | H50: =SUMIFS('(계획)비용계획 상세_26년'!N:N,'(계획)비용계획 상세_26년'!$I:$I,'(계획)손익계산서 월별계획'!$B$35,'(계획)비용계획 상세_26년'!$B:$B,'(계획)손익계산서 월별계획'!$B50) -> 0 | I50: =SUMIFS('(계획)비용계획 상세_26년'!O:O,'(계획)비용계획 상세_26년'!$I:$I,'(계획)손익계산서 월별계획'!$B$35,'(계획)비용계획 상세_26년'!$B:$B,'(계획)손익계산서 월별계획'!$B50) -> 0 | J50: =SUMIFS('(계획)비용계획 상세_26년'!P:P,'(계획)비용계획 상세_26년'!$I:$I,'(계획)손익계산서 월별계획'!$B$35,'(계획)비용계획 상세_26년'!$B:$B,'(계획)손익계산서 월별계획'!$B50) -> 0 | K50: =SUMIFS('(계획)비용계획 상세_26년'!Q:Q,'(계획)비용계획 상세_26년'!$I:$I,'(계획)손익계산서 월별계획'!$B$35,'(계획)비용계획 상세_26년'!$B:$B,'(계획)손익계산서 월별계획'!$B50) -> 0 | L50: =SUMIFS('(계획)비용계획 상세_26년'!R:R,'(계획)비용계획 상세_26년'!$I:$I,'(계획)손익계산서 월별계획'!$B$35,'(계획)비용계획 상세_26년'!$B:$B,'(계획)손익계산서 월별계획'!$B50) -> 0 | M50: =SUMIFS('(계획)비용계획 상세_26년'!S:S,'(계획)비용계획 상세_26년'!$I:$I,'(계획)손익계산서 월별계획'!$B$35,'(계획)비용계획 상세_26년'!$B:$B,'(계획)손익계산서 월별계획'!$B50) -> 0 | N50: =SUMIFS('(계획)비용계획 상세_26년'!T:T,'(계획)비용계획 상세_26년'!$I:$I,'(계획)손익계산서 월별계획'!$B$35,'(계획)비용계획 상세_26년'!$B:$B,'(계획)손익계산서 월별계획'!$B50) -> 0 | O50: =SUMIFS('(계획)비용계획 상세_26년'!U:U,'(계획)비용계획 상세_26년'!$I:$I,'(계획)손익계산서 월별계획'!$B$35,'(계획)비용계획 상세_26년'!$B:$B,'(계획)손익계산서 월별계획'!$B50) -> 0 | P50: =SUMIFS('(계획)비용계획 상세_26년'!V:V,'(계획)비용계획 상세_26년'!$I:$I,'(계획)손익계산서 월별계획'!$B$35,'(계획)비용계획 상세_26년'!$B:$B,'(계획)손익계산서 월별계획'!$B50) -> 0
B51: 자회사지원 | C51: =SUM(E51:P51) -> 0 | E51: =SUMIFS('(계획)비용계획 상세_26년'!K:K,'(계획)비용계획 상세_26년'!$I:$I,'(계획)손익계산서 월별계획'!$B$35,'(계획)비용계획 상세_26년'!$B:$B,'(계획)손익계산서 월별계획'!$B51) -> 0 | F51: =SUMIFS('(계획)비용계획 상세_26년'!L:L,'(계획)비용계획 상세_26년'!$I:$I,'(계획)손익계산서 월별계획'!$B$35,'(계획)비용계획 상세_26년'!$B:$B,'(계획)손익계산서 월별계획'!$B51) -> 0 | G51: =SUMIFS('(계획)비용계획 상세_26년'!M:M,'(계획)비용계획 상세_26년'!$I:$I,'(계획)손익계산서 월별계획'!$B$35,'(계획)비용계획 상세_26년'!$B:$B,'(계획)손익계산서 월별계획'!$B51) -> 0 | H51: =SUMIFS('(계획)비용계획 상세_26년'!N:N,'(계획)비용계획 상세_26년'!$I:$I,'(계획)손익계산서 월별계획'!$B$35,'(계획)비용계획 상세_26년'!$B:$B,'(계획)손익계산서 월별계획'!$B51) -> 0 | I51: =SUMIFS('(계획)비용계획 상세_26년'!O:O,'(계획)비용계획 상세_26년'!$I:$I,'(계획)손익계산서 월별계획'!$B$35,'(계획)비용계획 상세_26년'!$B:$B,'(계획)손익계산서 월별계획'!$B51) -> 0 | J51: =SUMIFS('(계획)비용계획 상세_26년'!P:P,'(계획)비용계획 상세_26년'!$I:$I,'(계획)손익계산서 월별계획'!$B$35,'(계획)비용계획 상세_26년'!$B:$B,'(계획)손익계산서 월별계획'!$B51) -> 0 | K51: =SUMIFS('(계획)비용계획 상세_26년'!Q:Q,'(계획)비용계획 상세_26년'!$I:$I,'(계획)손익계산서 월별계획'!$B$35,'(계획)비용계획 상세_26년'!$B:$B,'(계획)손익계산서 월별계획'!$B51) -> 0 | L51: =SUMIFS('(계획)비용계획 상세_26년'!R:R,'(계획)비용계획 상세_26년'!$I:$I,'(계획)손익계산서 월별계획'!$B$35,'(계획)비용계획 상세_26년'!$B:$B,'(계획)손익계산서 월별계획'!$B51) -> 0 | M51: =SUMIFS('(계획)비용계획 상세_26년'!S:S,'(계획)비용계획 상세_26년'!$I:$I,'(계획)손익계산서 월별계획'!$B$35,'(계획)비용계획 상세_26년'!$B:$B,'(계획)손익계산서 월별계획'!$B51) -> 0 | N51: =SUMIFS('(계획)비용계획 상세_26년'!T:T,'(계획)비용계획 상세_26년'!$I:$I,'(계획)손익계산서 월별계획'!$B$35,'(계획)비용계획 상세_26년'!$B:$B,'(계획)손익계산서 월별계획'!$B51) -> 0 | O51: =SUMIFS('(계획)비용계획 상세_26년'!U:U,'(계획)비용계획 상세_26년'!$I:$I,'(계획)손익계산서 월별계획'!$B$35,'(계획)비용계획 상세_26년'!$B:$B,'(계획)손익계산서 월별계획'!$B51) -> 0 | P51: =SUMIFS('(계획)비용계획 상세_26년'!V:V,'(계획)비용계획 상세_26년'!$I:$I,'(계획)손익계산서 월별계획'!$B$35,'(계획)비용계획 상세_26년'!$B:$B,'(계획)손익계산서 월별계획'!$B51) -> 0
B53: [연구개발비] | C53: =SUM(E53:P53) -> 5.5739576e+09 | E53: =SUM(E54:E67) -> 4.9476213e+08 | F53: =SUM(F54:F67) -> 5.5693592e+08 | G53: =SUM(G54:G67) -> 6.0233488e+08 | H53: =SUM(H54:H67) -> 4.5184962e+08 | I53: =SUM(I54:I67) -> 4.2324674e+08 | J53: =SUM(J54:J67) -> 4.3152839e+08 | K53: =SUM(K54:K67) -> 4.9101625e+08 | L53: =SUM(L54:L67) -> 3.9587821e+08 | ... P53: =SUM(P54:P67) -> 4.5822959e+08
B54: 인건비 | C54: =SUM(E54:P54) -> 3.1560132e+09 | E54: =SUMIFS('(계획)비용계획 상세_26년'!K:K,'(계획)비용계획 상세_26년'!$I:$I,'(계획)손익계산서 월별계획'!$B$53,'(계획)비용계획 상세_26년'!$B:$B,'(계획)손익계산서 월별계획'!$B54) -> 2.3557109e+08 | F54: =SUMIFS('(계획)비용계획 상세_26년'!L:L,'(계획)비용계획 상세_26년'!$I:$I,'(계획)손익계산서 월별계획'!$B$53,'(계획)비용계획 상세_26년'!$B:$B,'(계획)손익계산서 월별계획'!$B54) -> 297382362 | G54: =SUMIFS('(계획)비용계획 상세_26년'!M:M,'(계획)비용계획 상세_26년'!$I:$I,'(계획)손익계산서 월별계획'!$B$53,'(계획)비용계획 상세_26년'!$B:$B,'(계획)손익계산서 월별계획'!$B54) -> 2.5022021e+08 | H54: =SUMIFS('(계획)비용계획 상세_26년'!N:N,'(계획)비용계획 상세_26년'!$I:$I,'(계획)손익계산서 월별계획'!$B$53,'(계획)비용계획 상세_26년'!$B:$B,'(계획)손익계산서 월별계획'!$B54) -> 273905336 | I54: =SUMIFS('(계획)비용계획 상세_26년'!O:O,'(계획)비용계획 상세_26년'!$I:$I,'(계획)손익계산서 월별계획'!$B$53,'(계획)비용계획 상세_26년'!$B:$B,'(계획)손익계산서 월별계획'!$B54) -> 219286995 | J54: =SUMIFS('(계획)비용계획 상세_26년'!P:P,'(계획)비용계획 상세_26년'!$I:$I,'(계획)손익계산서 월별계획'!$B$53,'(계획)비용계획 상세_26년'!$B:$B,'(계획)손익계산서 월별계획'!$B54) -> 277270933 | K54: =SUMIFS('(계획)비용계획 상세_26년'!Q:Q,'(계획)비용계획 상세_26년'!$I:$I,'(계획)손익계산서 월별계획'!$B$53,'(계획)비용계획 상세_26년'!$B:$B,'(계획)손익계산서 월별계획'!$B54) -> 255298162 | L54: =SUMIFS('(계획)비용계획 상세_26년'!R:R,'(계획)비용계획 상세_26년'!$I:$I,'(계획)손익계산서 월별계획'!$B$53,'(계획)비용계획 상세_26년'!$B:$B,'(계획)손익계산서 월별계획'!$B54) -> 244681140 | M54: =SUMIFS('(계획)비용계획 상세_26년'!S:S,'(계획)비용계획 상세_26년'!$I:$I,'(계획)손익계산서 월별계획'!$B$53,'(계획)비용계획 상세_26년'!$B:$B,'(계획)손익계산서 월별계획'!$B54) -> 244311932 | N54: =SUMIFS('(계획)비용계획 상세_26년'!T:T,'(계획)비용계획 상세_26년'!$I:$I,'(계획)손익계산서 월별계획'!$B$53,'(계획)비용계획 상세_26년'!$B:$B,'(계획)손익계산서 월별계획'!$B54) -> 288005222 | O54: =SUMIFS('(계획)비용계획 상세_26년'!U:U,'(계획)비용계획 상세_26년'!$I:$I,'(계획)손익계산서 월별계획'!$B$53,'(계획)비용계획 상세_26년'!$B:$B,'(계획)손익계산서 월별계획'!$B54) -> 281683934 | P54: =SUMIFS('(계획)비용계획 상세_26년'!V:V,'(계획)비용계획 상세_26년'!$I:$I,'(계획)손익계산서 월별계획'!$B$53,'(계획)비용계획 상세_26년'!$B:$B,'(계획)손익계산서 월별계획'!$B54) -> 288395850
B55: 유지비용 | C55: =SUM(E55:P55) -> 46515370 | E55: =SUMIFS('(계획)비용계획 상세_26년'!K:K,'(계획)비용계획 상세_26년'!$I:$I,'(계획)손익계산서 월별계획'!$B$53,'(계획)비용계획 상세_26년'!$B:$B,'(계획)손익계산서 월별계획'!$B55) -> 3187947.5 | F55: =SUMIFS('(계획)비용계획 상세_26년'!L:L,'(계획)비용계획 상세_26년'!$I:$I,'(계획)손익계산서 월별계획'!$B$53,'(계획)비용계획 상세_26년'!$B:$B,'(계획)손익계산서 월별계획'!$B55) -> 5187947.5 | G55: =SUMIFS('(계획)비용계획 상세_26년'!M:M,'(계획)비용계획 상세_26년'!$I:$I,'(계획)손익계산서 월별계획'!$B$53,'(계획)비용계획 상세_26년'!$B:$B,'(계획)손익계산서 월별계획'!$B55) -> 3187947.5 | H55: =SUMIFS('(계획)비용계획 상세_26년'!N:N,'(계획)비용계획 상세_26년'!$I:$I,'(계획)손익계산서 월별계획'!$B$53,'(계획)비용계획 상세_26년'!$B:$B,'(계획)손익계산서 월별계획'!$B55) -> 3187947.5 | I55: =SUMIFS('(계획)비용계획 상세_26년'!O:O,'(계획)비용계획 상세_26년'!$I:$I,'(계획)손익계산서 월별계획'!$B$53,'(계획)비용계획 상세_26년'!$B:$B,'(계획)손익계산서 월별계획'!$B55) -> 5187947.5 | J55: =SUMIFS('(계획)비용계획 상세_26년'!P:P,'(계획)비용계획 상세_26년'!$I:$I,'(계획)손익계산서 월별계획'!$B$53,'(계획)비용계획 상세_26년'!$B:$B,'(계획)손익계산서 월별계획'!$B55) -> 4647947.5 | K55: =SUMIFS('(계획)비용계획 상세_26년'!Q:Q,'(계획)비용계획 상세_26년'!$I:$I,'(계획)손익계산서 월별계획'!$B$53,'(계획)비용계획 상세_26년'!$B:$B,'(계획)손익계산서 월별계획'!$B55) -> 2987947.5 | L55: =SUMIFS('(계획)비용계획 상세_26년'!R:R,'(계획)비용계획 상세_26년'!$I:$I,'(계획)손익계산서 월별계획'!$B$53,'(계획)비용계획 상세_26년'!$B:$B,'(계획)손익계산서 월별계획'!$B55) -> 4987947.5 | M55: =SUMIFS('(계획)비용계획 상세_26년'!S:S,'(계획)비용계획 상세_26년'!$I:$I,'(계획)손익계산서 월별계획'!$B$53,'(계획)비용계획 상세_26년'!$B:$B,'(계획)손익계산서 월별계획'!$B55) -> 2987947.5 | N55: =SUMIFS('(계획)비용계획 상세_26년'!T:T,'(계획)비용계획 상세_26년'!$I:$I,'(계획)손익계산서 월별계획'!$B$53,'(계획)비용계획 상세_26년'!$B:$B,'(계획)손익계산서 월별계획'!$B55) -> 2987947.5 | O55: =SUMIFS('(계획)비용계획 상세_26년'!U:U,'(계획)비용계획 상세_26년'!$I:$I,'(계획)손익계산서 월별계획'!$B$53,'(계획)비용계획 상세_26년'!$B:$B,'(계획)손익계산서 월별계획'!$B55) -> 4987947.5 | P55: =SUMIFS('(계획)비용계획 상세_26년'!V:V,'(계획)비용계획 상세_26년'!$I:$I,'(계획)손익계산서 월별계획'!$B$53,'(계획)비용계획 상세_26년'!$B:$B,'(계획)손익계산서 월별계획'!$B55) -> 2987947.5
B56: 세금,보험 | C56: =SUM(E56:P56) -> 2.7019354e+08 | E56: =SUMIFS('(계획)비용계획 상세_26년'!K:K,'(계획)비용계획 상세_26년'!$I:$I,'(계획)손익계산서 월별계획'!$B$53,'(계획)비용계획 상세_26년'!$B:$B,'(계획)손익계산서 월별계획'!$B56) -> 20846478 | F56: =SUMIFS('(계획)비용계획 상세_26년'!L:L,'(계획)비용계획 상세_26년'!$I:$I,'(계획)손익계산서 월별계획'!$B$53,'(계획)비용계획 상세_26년'!$B:$B,'(계획)손익계산서 월별계획'!$B56) -> 22553968 | G56: =SUMIFS('(계획)비용계획 상세_26년'!M:M,'(계획)비용계획 상세_26년'!$I:$I,'(계획)손익계산서 월별계획'!$B$53,'(계획)비용계획 상세_26년'!$B:$B,'(계획)손익계산서 월별계획'!$B56) -> 20614001 | H56: =SUMIFS('(계획)비용계획 상세_26년'!N:N,'(계획)비용계획 상세_26년'!$I:$I,'(계획)손익계산서 월별계획'!$B$53,'(계획)비용계획 상세_26년'!$B:$B,'(계획)손익계산서 월별계획'!$B56) -> 21664702 | I56: =SUMIFS('(계획)비용계획 상세_26년'!O:O,'(계획)비용계획 상세_26년'!$I:$I,'(계획)손익계산서 월별계획'!$B$53,'(계획)비용계획 상세_26년'!$B:$B,'(계획)손익계산서 월별계획'!$B56) -> 21664702 | J56: =SUMIFS('(계획)비용계획 상세_26년'!P:P,'(계획)비용계획 상세_26년'!$I:$I,'(계획)손익계산서 월별계획'!$B$53,'(계획)비용계획 상세_26년'!$B:$B,'(계획)손익계산서 월별계획'!$B56) -> 21837872 | K56: =SUMIFS('(계획)비용계획 상세_26년'!Q:Q,'(계획)비용계획 상세_26년'!$I:$I,'(계획)손익계산서 월별계획'!$B$53,'(계획)비용계획 상세_26년'!$B:$B,'(계획)손익계산서 월별계획'!$B56) -> 24168502 | L56: =SUMIFS('(계획)비용계획 상세_26년'!R:R,'(계획)비용계획 상세_26년'!$I:$I,'(계획)손익계산서 월별계획'!$B$53,'(계획)비용계획 상세_26년'!$B:$B,'(계획)손익계산서 월별계획'!$B56) -> 22008542 | M56: =SUMIFS('(계획)비용계획 상세_26년'!S:S,'(계획)비용계획 상세_26년'!$I:$I,'(계획)손익계산서 월별계획'!$B$53,'(계획)비용계획 상세_26년'!$B:$B,'(계획)손익계산서 월별계획'!$B56) -> 22008542 | N56: =SUMIFS('(계획)비용계획 상세_26년'!T:T,'(계획)비용계획 상세_26년'!$I:$I,'(계획)손익계산서 월별계획'!$B$53,'(계획)비용계획 상세_26년'!$B:$B,'(계획)손익계산서 월별계획'!$B56) -> 23603772 | O56: =SUMIFS('(계획)비용계획 상세_26년'!U:U,'(계획)비용계획 상세_26년'!$I:$I,'(계획)손익계산서 월별계획'!$B$53,'(계획)비용계획 상세_26년'!$B:$B,'(계획)손익계산서 월별계획'!$B56) -> 23603772 | P56: =SUMIFS('(계획)비용계획 상세_26년'!V:V,'(계획)비용계획 상세_26년'!$I:$I,'(계획)손익계산서 월별계획'!$B$53,'(계획)비용계획 상세_26년'!$B:$B,'(계획)손익계산서 월별계획'!$B56) -> 25618695
B57: 복리후생비 | C57: =SUM(E57:P57) -> 154713216 | E57: =SUMIFS('(계획)비용계획 상세_26년'!K:K,'(계획)비용계획 상세_26년'!$I:$I,'(계획)손익계산서 월별계획'!$B$53,'(계획)비용계획 상세_26년'!$B:$B,'(계획)손익계산서 월별계획'!$B57) -> 8889773.5 | F57: =SUMIFS('(계획)비용계획 상세_26년'!L:L,'(계획)비용계획 상세_26년'!$I:$I,'(계획)손익계산서 월별계획'!$B$53,'(계획)비용계획 상세_26년'!$B:$B,'(계획)손익계산서 월별계획'!$B57) -> 12394774 | G57: =SUMIFS('(계획)비용계획 상세_26년'!M:M,'(계획)비용계획 상세_26년'!$I:$I,'(계획)손익계산서 월별계획'!$B$53,'(계획)비용계획 상세_26년'!$B:$B,'(계획)손익계산서 월별계획'!$B57) -> 12745854 | H57: =SUMIFS('(계획)비용계획 상세_26년'!N:N,'(계획)비용계획 상세_26년'!$I:$I,'(계획)손익계산서 월별계획'!$B$53,'(계획)비용계획 상세_26년'!$B:$B,'(계획)손익계산서 월별계획'!$B57) -> 9774773.5 | I57: =SUMIFS('(계획)비용계획 상세_26년'!O:O,'(계획)비용계획 상세_26년'!$I:$I,'(계획)손익계산서 월별계획'!$B$53,'(계획)비용계획 상세_26년'!$B:$B,'(계획)손익계산서 월별계획'!$B57) -> 9580228.5 | J57: =SUMIFS('(계획)비용계획 상세_26년'!P:P,'(계획)비용계획 상세_26년'!$I:$I,'(계획)손익계산서 월별계획'!$B$53,'(계획)비용계획 상세_26년'!$B:$B,'(계획)손익계산서 월별계획'!$B57) -> 9404773.5 | K57: =SUMIFS('(계획)비용계획 상세_26년'!Q:Q,'(계획)비용계획 상세_26년'!$I:$I,'(계획)손익계산서 월별계획'!$B$53,'(계획)비용계획 상세_26년'!$B:$B,'(계획)손익계산서 월별계획'!$B57) -> 8344773.5 | L57: =SUMIFS('(계획)비용계획 상세_26년'!R:R,'(계획)비용계획 상세_26년'!$I:$I,'(계획)손익계산서 월별계획'!$B$53,'(계획)비용계획 상세_26년'!$B:$B,'(계획)손익계산서 월별계획'!$B57) -> 19483718 | M57: =SUMIFS('(계획)비용계획 상세_26년'!S:S,'(계획)비용계획 상세_26년'!$I:$I,'(계획)손익계산서 월별계획'!$B$53,'(계획)비용계획 상세_26년'!$B:$B,'(계획)손익계산서 월별계획'!$B57) -> 8244773.5 | N57: =SUMIFS('(계획)비용계획 상세_26년'!T:T,'(계획)비용계획 상세_26년'!$I:$I,'(계획)손익계산서 월별계획'!$B$53,'(계획)비용계획 상세_26년'!$B:$B,'(계획)손익계산서 월별계획'!$B57) -> 8329773.5 | O57: =SUMIFS('(계획)비용계획 상세_26년'!U:U,'(계획)비용계획 상세_26년'!$I:$I,'(계획)손익계산서 월별계획'!$B$53,'(계획)비용계획 상세_26년'!$B:$B,'(계획)손익계산서 월별계획'!$B57) -> 7209773.5 | P57: =SUMIFS('(계획)비용계획 상세_26년'!V:V,'(계획)비용계획 상세_26년'!$I:$I,'(계획)손익계산서 월별계획'!$B$53,'(계획)비용계획 상세_26년'!$B:$B,'(계획)손익계산서 월별계획'!$B57) -> 40310228
B58: 운반비 | C58: =SUM(E58:P58) -> 3720000 | E58: =SUMIFS('(계획)비용계획 상세_26년'!K:K,'(계획)비용계획 상세_26년'!$I:$I,'(계획)손익계산서 월별계획'!$B$53,'(계획)비용계획 상세_26년'!$B:$B,'(계획)손익계산서 월별계획'!$B58) -> 310000 | F58: =SUMIFS('(계획)비용계획 상세_26년'!L:L,'(계획)비용계획 상세_26년'!$I:$I,'(계획)손익계산서 월별계획'!$B$53,'(계획)비용계획 상세_26년'!$B:$B,'(계획)손익계산서 월별계획'!$B58) -> 310000 | G58: =SUMIFS('(계획)비용계획 상세_26년'!M:M,'(계획)비용계획 상세_26년'!$I:$I,'(계획)손익계산서 월별계획'!$B$53,'(계획)비용계획 상세_26년'!$B:$B,'(계획)손익계산서 월별계획'!$B58) -> 310000 | H58: =SUMIFS('(계획)비용계획 상세_26년'!N:N,'(계획)비용계획 상세_26년'!$I:$I,'(계획)손익계산서 월별계획'!$B$53,'(계획)비용계획 상세_26년'!$B:$B,'(계획)손익계산서 월별계획'!$B58) -> 310000 | I58: =SUMIFS('(계획)비용계획 상세_26년'!O:O,'(계획)비용계획 상세_26년'!$I:$I,'(계획)손익계산서 월별계획'!$B$53,'(계획)비용계획 상세_26년'!$B:$B,'(계획)손익계산서 월별계획'!$B58) -> 310000 | J58: =SUMIFS('(계획)비용계획 상세_26년'!P:P,'(계획)비용계획 상세_26년'!$I:$I,'(계획)손익계산서 월별계획'!$B$53,'(계획)비용계획 상세_26년'!$B:$B,'(계획)손익계산서 월별계획'!$B58) -> 310000 | K58: =SUMIFS('(계획)비용계획 상세_26년'!Q:Q,'(계획)비용계획 상세_26년'!$I:$I,'(계획)손익계산서 월별계획'!$B$53,'(계획)비용계획 상세_26년'!$B:$B,'(계획)손익계산서 월별계획'!$B58) -> 310000 | L58: =SUMIFS('(계획)비용계획 상세_26년'!R:R,'(계획)비용계획 상세_26년'!$I:$I,'(계획)손익계산서 월별계획'!$B$53,'(계획)비용계획 상세_26년'!$B:$B,'(계획)손익계산서 월별계획'!$B58) -> 310000 | M58: =SUMIFS('(계획)비용계획 상세_26년'!S:S,'(계획)비용계획 상세_26년'!$I:$I,'(계획)손익계산서 월별계획'!$B$53,'(계획)비용계획 상세_26년'!$B:$B,'(계획)손익계산서 월별계획'!$B58) -> 310000 | N58: =SUMIFS('(계획)비용계획 상세_26년'!T:T,'(계획)비용계획 상세_26년'!$I:$I,'(계획)손익계산서 월별계획'!$B$53,'(계획)비용계획 상세_26년'!$B:$B,'(계획)손익계산서 월별계획'!$B58) -> 310000 | O58: =SUMIFS('(계획)비용계획 상세_26년'!U:U,'(계획)비용계획 상세_26년'!$I:$I,'(계획)손익계산서 월별계획'!$B$53,'(계획)비용계획 상세_26년'!$B:$B,'(계획)손익계산서 월별계획'!$B58) -> 310000 | P58: =SUMIFS('(계획)비용계획 상세_26년'!V:V,'(계획)비용계획 상세_26년'!$I:$I,'(계획)손익계산서 월별계획'!$B$53,'(계획)비용계획 상세_26년'!$B:$B,'(계획)손익계산서 월별계획'!$B58) -> 310000
B59: 포장비 | C59: =SUM(E59:P59) -> 0 | E59: =SUMIFS('(계획)비용계획 상세_26년'!K:K,'(계획)비용계획 상세_26년'!$I:$I,'(계획)손익계산서 월별계획'!$B$53,'(계획)비용계획 상세_26년'!$B:$B,'(계획)손익계산서 월별계획'!$B59) -> 0 | F59: =SUMIFS('(계획)비용계획 상세_26년'!L:L,'(계획)비용계획 상세_26년'!$I:$I,'(계획)손익계산서 월별계획'!$B$53,'(계획)비용계획 상세_26년'!$B:$B,'(계획)손익계산서 월별계획'!$B59) -> 0 | G59: =SUMIFS('(계획)비용계획 상세_26년'!M:M,'(계획)비용계획 상세_26년'!$I:$I,'(계획)손익계산서 월별계획'!$B$53,'(계획)비용계획 상세_26년'!$B:$B,'(계획)손익계산서 월별계획'!$B59) -> 0 | H59: =SUMIFS('(계획)비용계획 상세_26년'!N:N,'(계획)비용계획 상세_26년'!$I:$I,'(계획)손익계산서 월별계획'!$B$53,'(계획)비용계획 상세_26년'!$B:$B,'(계획)손익계산서 월별계획'!$B59) -> 0 | I59: =SUMIFS('(계획)비용계획 상세_26년'!O:O,'(계획)비용계획 상세_26년'!$I:$I,'(계획)손익계산서 월별계획'!$B$53,'(계획)비용계획 상세_26년'!$B:$B,'(계획)손익계산서 월별계획'!$B59) -> 0 | J59: =SUMIFS('(계획)비용계획 상세_26년'!P:P,'(계획)비용계획 상세_26년'!$I:$I,'(계획)손익계산서 월별계획'!$B$53,'(계획)비용계획 상세_26년'!$B:$B,'(계획)손익계산서 월별계획'!$B59) -> 0 | K59: =SUMIFS('(계획)비용계획 상세_26년'!Q:Q,'(계획)비용계획 상세_26년'!$I:$I,'(계획)손익계산서 월별계획'!$B$53,'(계획)비용계획 상세_26년'!$B:$B,'(계획)손익계산서 월별계획'!$B59) -> 0 | L59: =SUMIFS('(계획)비용계획 상세_26년'!R:R,'(계획)비용계획 상세_26년'!$I:$I,'(계획)손익계산서 월별계획'!$B$53,'(계획)비용계획 상세_26년'!$B:$B,'(계획)손익계산서 월별계획'!$B59) -> 0 | M59: =SUMIFS('(계획)비용계획 상세_26년'!S:S,'(계획)비용계획 상세_26년'!$I:$I,'(계획)손익계산서 월별계획'!$B$53,'(계획)비용계획 상세_26년'!$B:$B,'(계획)손익계산서 월별계획'!$B59) -> 0 | N59: =SUMIFS('(계획)비용계획 상세_26년'!T:T,'(계획)비용계획 상세_26년'!$I:$I,'(계획)손익계산서 월별계획'!$B$53,'(계획)비용계획 상세_26년'!$B:$B,'(계획)손익계산서 월별계획'!$B59) -> 0 | O59: =SUMIFS('(계획)비용계획 상세_26년'!U:U,'(계획)비용계획 상세_26년'!$I:$I,'(계획)손익계산서 월별계획'!$B$53,'(계획)비용계획 상세_26년'!$B:$B,'(계획)손익계산서 월별계획'!$B59) -> 0 | P59: =SUMIFS('(계획)비용계획 상세_26년'!V:V,'(계획)비용계획 상세_26년'!$I:$I,'(계획)손익계산서 월별계획'!$B$53,'(계획)비용계획 상세_26년'!$B:$B,'(계획)손익계산서 월별계획'!$B59) -> 0
B60: 광고선전비 | C60: =SUM(E60:P60) -> 0 | E60: =SUMIFS('(계획)비용계획 상세_26년'!K:K,'(계획)비용계획 상세_26년'!$I:$I,'(계획)손익계산서 월별계획'!$B$53,'(계획)비용계획 상세_26년'!$B:$B,'(계획)손익계산서 월별계획'!$B60) -> 0 | F60: =SUMIFS('(계획)비용계획 상세_26년'!L:L,'(계획)비용계획 상세_26년'!$I:$I,'(계획)손익계산서 월별계획'!$B$53,'(계획)비용계획 상세_26년'!$B:$B,'(계획)손익계산서 월별계획'!$B60) -> 0 | G60: =SUMIFS('(계획)비용계획 상세_26년'!M:M,'(계획)비용계획 상세_26년'!$I:$I,'(계획)손익계산서 월별계획'!$B$53,'(계획)비용계획 상세_26년'!$B:$B,'(계획)손익계산서 월별계획'!$B60) -> 0 | H60: =SUMIFS('(계획)비용계획 상세_26년'!N:N,'(계획)비용계획 상세_26년'!$I:$I,'(계획)손익계산서 월별계획'!$B$53,'(계획)비용계획 상세_26년'!$B:$B,'(계획)손익계산서 월별계획'!$B60) -> 0 | I60: =SUMIFS('(계획)비용계획 상세_26년'!O:O,'(계획)비용계획 상세_26년'!$I:$I,'(계획)손익계산서 월별계획'!$B$53,'(계획)비용계획 상세_26년'!$B:$B,'(계획)손익계산서 월별계획'!$B60) -> 0 | J60: =SUMIFS('(계획)비용계획 상세_26년'!P:P,'(계획)비용계획 상세_26년'!$I:$I,'(계획)손익계산서 월별계획'!$B$53,'(계획)비용계획 상세_26년'!$B:$B,'(계획)손익계산서 월별계획'!$B60) -> 0 | K60: =SUMIFS('(계획)비용계획 상세_26년'!Q:Q,'(계획)비용계획 상세_26년'!$I:$I,'(계획)손익계산서 월별계획'!$B$53,'(계획)비용계획 상세_26년'!$B:$B,'(계획)손익계산서 월별계획'!$B60) -> 0 | L60: =SUMIFS('(계획)비용계획 상세_26년'!R:R,'(계획)비용계획 상세_26년'!$I:$I,'(계획)손익계산서 월별계획'!$B$53,'(계획)비용계획 상세_26년'!$B:$B,'(계획)손익계산서 월별계획'!$B60) -> 0 | M60: =SUMIFS('(계획)비용계획 상세_26년'!S:S,'(계획)비용계획 상세_26년'!$I:$I,'(계획)손익계산서 월별계획'!$B$53,'(계획)비용계획 상세_26년'!$B:$B,'(계획)손익계산서 월별계획'!$B60) -> 0 | N60: =SUMIFS('(계획)비용계획 상세_26년'!T:T,'(계획)비용계획 상세_26년'!$I:$I,'(계획)손익계산서 월별계획'!$B$53,'(계획)비용계획 상세_26년'!$B:$B,'(계획)손익계산서 월별계획'!$B60) -> 0 | O60: =SUMIFS('(계획)비용계획 상세_26년'!U:U,'(계획)비용계획 상세_26년'!$I:$I,'(계획)손익계산서 월별계획'!$B$53,'(계획)비용계획 상세_26년'!$B:$B,'(계획)손익계산서 월별계획'!$B60) -> 0 | P60: =SUMIFS('(계획)비용계획 상세_26년'!V:V,'(계획)비용계획 상세_26년'!$I:$I,'(계획)손익계산서 월별계획'!$B$53,'(계획)비용계획 상세_26년'!$B:$B,'(계획)손익계산서 월별계획'!$B60) -> 0
B61: 지급수수료 | C61: =SUM(E61:P61) -> 536975988 | E61: =SUMIFS('(계획)비용계획 상세_26년'!K:K,'(계획)비용계획 상세_26년'!$I:$I,'(계획)손익계산서 월별계획'!$B$53,'(계획)비용계획 상세_26년'!$B:$B,'(계획)손익계산서 월별계획'!$B61) -> 43822999 | F61: =SUMIFS('(계획)비용계획 상세_26년'!L:L,'(계획)비용계획 상세_26년'!$I:$I,'(계획)손익계산서 월별계획'!$B$53,'(계획)비용계획 상세_26년'!$B:$B,'(계획)손익계산서 월별계획'!$B61) -> 83072999 | G61: =SUMIFS('(계획)비용계획 상세_26년'!M:M,'(계획)비용계획 상세_26년'!$I:$I,'(계획)손익계산서 월별계획'!$B$53,'(계획)비용계획 상세_26년'!$B:$B,'(계획)손익계산서 월별계획'!$B61) -> 39222999 | H61: =SUMIFS('(계획)비용계획 상세_26년'!N:N,'(계획)비용계획 상세_26년'!$I:$I,'(계획)손익계산서 월별계획'!$B$53,'(계획)비용계획 상세_26년'!$B:$B,'(계획)손익계산서 월별계획'!$B61) -> 56472999 | I61: =SUMIFS('(계획)비용계획 상세_26년'!O:O,'(계획)비용계획 상세_26년'!$I:$I,'(계획)손익계산서 월별계획'!$B$53,'(계획)비용계획 상세_26년'!$B:$B,'(계획)손익계산서 월별계획'!$B61) -> 30522999 | J61: =SUMIFS('(계획)비용계획 상세_26년'!P:P,'(계획)비용계획 상세_26년'!$I:$I,'(계획)손익계산서 월별계획'!$B$53,'(계획)비용계획 상세_26년'!$B:$B,'(계획)손익계산서 월별계획'!$B61) -> 30522999 | K61: =SUMIFS('(계획)비용계획 상세_26년'!Q:Q,'(계획)비용계획 상세_26년'!$I:$I,'(계획)손익계산서 월별계획'!$B$53,'(계획)비용계획 상세_26년'!$B:$B,'(계획)손익계산서 월별계획'!$B61) -> 30522999 | L61: =SUMIFS('(계획)비용계획 상세_26년'!R:R,'(계획)비용계획 상세_26년'!$I:$I,'(계획)손익계산서 월별계획'!$B$53,'(계획)비용계획 상세_26년'!$B:$B,'(계획)손익계산서 월별계획'!$B61) -> 30522999 | M61: =SUMIFS('(계획)비용계획 상세_26년'!S:S,'(계획)비용계획 상세_26년'!$I:$I,'(계획)손익계산서 월별계획'!$B$53,'(계획)비용계획 상세_26년'!$B:$B,'(계획)손익계산서 월별계획'!$B61) -> 47522999 | N61: =SUMIFS('(계획)비용계획 상세_26년'!T:T,'(계획)비용계획 상세_26년'!$I:$I,'(계획)손익계산서 월별계획'!$B$53,'(계획)비용계획 상세_26년'!$B:$B,'(계획)손익계산서 월별계획'!$B61) -> 40522999 | O61: =SUMIFS('(계획)비용계획 상세_26년'!U:U,'(계획)비용계획 상세_26년'!$I:$I,'(계획)손익계산서 월별계획'!$B$53,'(계획)비용계획 상세_26년'!$B:$B,'(계획)손익계산서 월별계획'!$B61) -> 67522999 | P61: =SUMIFS('(계획)비용계획 상세_26년'!V:V,'(계획)비용계획 상세_26년'!$I:$I,'(계획)손익계산서 월별계획'!$B$53,'(계획)비용계획 상세_26년'!$B:$B,'(계획)손익계산서 월별계획'!$B61) -> 36722999
B62: 여비교통비 | C62: =SUM(E62:P62) -> 2.09315e+08 | E62: =SUMIFS('(계획)비용계획 상세_26년'!K:K,'(계획)비용계획 상세_26년'!$I:$I,'(계획)손익계산서 월별계획'!$B$53,'(계획)비용계획 상세_26년'!$B:$B,'(계획)손익계산서 월별계획'!$B62) -> 53409583 | F62: =SUMIFS('(계획)비용계획 상세_26년'!L:L,'(계획)비용계획 상세_26년'!$I:$I,'(계획)손익계산서 월별계획'!$B$53,'(계획)비용계획 상세_26년'!$B:$B,'(계획)손익계산서 월별계획'!$B62) -> 7309583.3 | G62: =SUMIFS('(계획)비용계획 상세_26년'!M:M,'(계획)비용계획 상세_26년'!$I:$I,'(계획)손익계산서 월별계획'!$B$53,'(계획)비용계획 상세_26년'!$B:$B,'(계획)손익계산서 월별계획'!$B62) -> 42309583 | H62: =SUMIFS('(계획)비용계획 상세_26년'!N:N,'(계획)비용계획 상세_26년'!$I:$I,'(계획)손익계산서 월별계획'!$B$53,'(계획)비용계획 상세_26년'!$B:$B,'(계획)손익계산서 월별계획'!$B62) -> 22309583 | I62: =SUMIFS('(계획)비용계획 상세_26년'!O:O,'(계획)비용계획 상세_26년'!$I:$I,'(계획)손익계산서 월별계획'!$B$53,'(계획)비용계획 상세_26년'!$B:$B,'(계획)손익계산서 월별계획'!$B62) -> 7309583.3 | J62: =SUMIFS('(계획)비용계획 상세_26년'!P:P,'(계획)비용계획 상세_26년'!$I:$I,'(계획)손익계산서 월별계획'!$B$53,'(계획)비용계획 상세_26년'!$B:$B,'(계획)손익계산서 월별계획'!$B62) -> 23309583 | K62: =SUMIFS('(계획)비용계획 상세_26년'!Q:Q,'(계획)비용계획 상세_26년'!$I:$I,'(계획)손익계산서 월별계획'!$B$53,'(계획)비용계획 상세_26년'!$B:$B,'(계획)손익계산서 월별계획'!$B62) -> 16809583 | L62: =SUMIFS('(계획)비용계획 상세_26년'!R:R,'(계획)비용계획 상세_26년'!$I:$I,'(계획)손익계산서 월별계획'!$B$53,'(계획)비용계획 상세_26년'!$B:$B,'(계획)손익계산서 월별계획'!$B62) -> 7309583.3 | M62: =SUMIFS('(계획)비용계획 상세_26년'!S:S,'(계획)비용계획 상세_26년'!$I:$I,'(계획)손익계산서 월별계획'!$B$53,'(계획)비용계획 상세_26년'!$B:$B,'(계획)손익계산서 월별계획'!$B62) -> 7309583.3 | N62: =SUMIFS('(계획)비용계획 상세_26년'!T:T,'(계획)비용계획 상세_26년'!$I:$I,'(계획)손익계산서 월별계획'!$B$53,'(계획)비용계획 상세_26년'!$B:$B,'(계획)손익계산서 월별계획'!$B62) -> 7309583.3 | O62: =SUMIFS('(계획)비용계획 상세_26년'!U:U,'(계획)비용계획 상세_26년'!$I:$I,'(계획)손익계산서 월별계획'!$B$53,'(계획)비용계획 상세_26년'!$B:$B,'(계획)손익계산서 월별계획'!$B62) -> 7309583.3 | P62: =SUMIFS('(계획)비용계획 상세_26년'!V:V,'(계획)비용계획 상세_26년'!$I:$I,'(계획)손익계산서 월별계획'!$B$53,'(계획)비용계획 상세_26년'!$B:$B,'(계획)손익계산서 월별계획'!$B62) -> 7309583.3
B63: 감가상각비 | C63: =SUM(E63:P63) -> 216771136 | E63: =SUMIFS('(계획)비용계획 상세_26년'!K:K,'(계획)비용계획 상세_26년'!$I:$I,'(계획)손익계산서 월별계획'!$B$53,'(계획)비용계획 상세_26년'!$B:$B,'(계획)손익계산서 월별계획'!$B63) -> 18064243 | F63: =SUMIFS('(계획)비용계획 상세_26년'!L:L,'(계획)비용계획 상세_26년'!$I:$I,'(계획)손익계산서 월별계획'!$B$53,'(계획)비용계획 상세_26년'!$B:$B,'(계획)손익계산서 월별계획'!$B63) -> 18064263 | G63: =SUMIFS('(계획)비용계획 상세_26년'!M:M,'(계획)비용계획 상세_26년'!$I:$I,'(계획)손익계산서 월별계획'!$B$53,'(계획)비용계획 상세_26년'!$B:$B,'(계획)손익계산서 월별계획'!$B63) -> 18064263 | H63: =SUMIFS('(계획)비용계획 상세_26년'!N:N,'(계획)비용계획 상세_26년'!$I:$I,'(계획)손익계산서 월별계획'!$B$53,'(계획)비용계획 상세_26년'!$B:$B,'(계획)손익계산서 월별계획'!$B63) -> 18064263 | I63: =SUMIFS('(계획)비용계획 상세_26년'!O:O,'(계획)비용계획 상세_26년'!$I:$I,'(계획)손익계산서 월별계획'!$B$53,'(계획)비용계획 상세_26년'!$B:$B,'(계획)손익계산서 월별계획'!$B63) -> 18064263 | J63: =SUMIFS('(계획)비용계획 상세_26년'!P:P,'(계획)비용계획 상세_26년'!$I:$I,'(계획)손익계산서 월별계획'!$B$53,'(계획)비용계획 상세_26년'!$B:$B,'(계획)손익계산서 월별계획'!$B63) -> 18064263 | K63: =SUMIFS('(계획)비용계획 상세_26년'!Q:Q,'(계획)비용계획 상세_26년'!$I:$I,'(계획)손익계산서 월별계획'!$B$53,'(계획)비용계획 상세_26년'!$B:$B,'(계획)손익계산서 월별계획'!$B63) -> 18064263 | L63: =SUMIFS('(계획)비용계획 상세_26년'!R:R,'(계획)비용계획 상세_26년'!$I:$I,'(계획)손익계산서 월별계획'!$B$53,'(계획)비용계획 상세_26년'!$B:$B,'(계획)손익계산서 월별계획'!$B63) -> 18064263 | M63: =SUMIFS('(계획)비용계획 상세_26년'!S:S,'(계획)비용계획 상세_26년'!$I:$I,'(계획)손익계산서 월별계획'!$B$53,'(계획)비용계획 상세_26년'!$B:$B,'(계획)손익계산서 월별계획'!$B63) -> 18064263 | N63: =SUMIFS('(계획)비용계획 상세_26년'!T:T,'(계획)비용계획 상세_26년'!$I:$I,'(계획)손익계산서 월별계획'!$B$53,'(계획)비용계획 상세_26년'!$B:$B,'(계획)손익계산서 월별계획'!$B63) -> 18064263 | O63: =SUMIFS('(계획)비용계획 상세_26년'!U:U,'(계획)비용계획 상세_26년'!$I:$I,'(계획)손익계산서 월별계획'!$B$53,'(계획)비용계획 상세_26년'!$B:$B,'(계획)손익계산서 월별계획'!$B63) -> 18064263 | P63: =SUMIFS('(계획)비용계획 상세_26년'!V:V,'(계획)비용계획 상세_26년'!$I:$I,'(계획)손익계산서 월별계획'!$B$53,'(계획)비용계획 상세_26년'!$B:$B,'(계획)손익계산서 월별계획'!$B63) -> 18064263
B64: 개발비 | C64: =SUM(E64:P64) -> 890280000 | E64: =SUMIFS('(계획)비용계획 상세_26년'!K:K,'(계획)비용계획 상세_26년'!$I:$I,'(계획)손익계산서 월별계획'!$B$53,'(계획)비용계획 상세_26년'!$B:$B,'(계획)손익계산서 월별계획'!$B64) -> 103990000 | F64: =SUMIFS('(계획)비용계획 상세_26년'!L:L,'(계획)비용계획 상세_26년'!$I:$I,'(계획)손익계산서 월별계획'!$B$53,'(계획)비용계획 상세_26년'!$B:$B,'(계획)손익계산서 월별계획'!$B64) -> 103990000 | G64: =SUMIFS('(계획)비용계획 상세_26년'!M:M,'(계획)비용계획 상세_26년'!$I:$I,'(계획)손익계산서 월별계획'!$B$53,'(계획)비용계획 상세_26년'!$B:$B,'(계획)손익계산서 월별계획'!$B64) -> 199990000 | H64: =SUMIFS('(계획)비용계획 상세_26년'!N:N,'(계획)비용계획 상세_26년'!$I:$I,'(계획)손익계산서 월별계획'!$B$53,'(계획)비용계획 상세_26년'!$B:$B,'(계획)손익계산서 월별계획'!$B64) -> 39490000 | I64: =SUMIFS('(계획)비용계획 상세_26년'!O:O,'(계획)비용계획 상세_26년'!$I:$I,'(계획)손익계산서 월별계획'!$B$53,'(계획)비용계획 상세_26년'!$B:$B,'(계획)손익계산서 월별계획'!$B64) -> 103990000 | J64: =SUMIFS('(계획)비용계획 상세_26년'!P:P,'(계획)비용계획 상세_26년'!$I:$I,'(계획)손익계산서 월별계획'!$B$53,'(계획)비용계획 상세_26년'!$B:$B,'(계획)손익계산서 월별계획'!$B64) -> 39490000 | K64: =SUMIFS('(계획)비용계획 상세_26년'!Q:Q,'(계획)비용계획 상세_26년'!$I:$I,'(계획)손익계산서 월별계획'!$B$53,'(계획)비용계획 상세_26년'!$B:$B,'(계획)손익계산서 월별계획'!$B64) -> 127990000 | L64: =SUMIFS('(계획)비용계획 상세_26년'!R:R,'(계획)비용계획 상세_26년'!$I:$I,'(계획)손익계산서 월별계획'!$B$53,'(계획)비용계획 상세_26년'!$B:$B,'(계획)손익계산서 월별계획'!$B64) -> 41990000 | M64: =SUMIFS('(계획)비용계획 상세_26년'!S:S,'(계획)비용계획 상세_26년'!$I:$I,'(계획)손익계산서 월별계획'!$B$53,'(계획)비용계획 상세_26년'!$B:$B,'(계획)손익계산서 월별계획'!$B64) -> 31990000 | N64: =SUMIFS('(계획)비용계획 상세_26년'!T:T,'(계획)비용계획 상세_26년'!$I:$I,'(계획)손익계산서 월별계획'!$B$53,'(계획)비용계획 상세_26년'!$B:$B,'(계획)손익계산서 월별계획'!$B64) -> 33390000 | O64: =SUMIFS('(계획)비용계획 상세_26년'!U:U,'(계획)비용계획 상세_26년'!$I:$I,'(계획)손익계산서 월별계획'!$B$53,'(계획)비용계획 상세_26년'!$B:$B,'(계획)손익계산서 월별계획'!$B64) -> 31990000 | P64: =SUMIFS('(계획)비용계획 상세_26년'!V:V,'(계획)비용계획 상세_26년'!$I:$I,'(계획)손익계산서 월별계획'!$B$53,'(계획)비용계획 상세_26년'!$B:$B,'(계획)손익계산서 월별계획'!$B64) -> 31990000
B65: 충당비용 | C65: =SUM(E65:P65) -> 0 | E65: =SUMIFS('(계획)비용계획 상세_26년'!K:K,'(계획)비용계획 상세_26년'!$I:$I,'(계획)손익계산서 월별계획'!$B$53,'(계획)비용계획 상세_26년'!$B:$B,'(계획)손익계산서 월별계획'!$B65) -> 0 | F65: =SUMIFS('(계획)비용계획 상세_26년'!L:L,'(계획)비용계획 상세_26년'!$I:$I,'(계획)손익계산서 월별계획'!$B$53,'(계획)비용계획 상세_26년'!$B:$B,'(계획)손익계산서 월별계획'!$B65) -> 0 | G65: =SUMIFS('(계획)비용계획 상세_26년'!M:M,'(계획)비용계획 상세_26년'!$I:$I,'(계획)손익계산서 월별계획'!$B$53,'(계획)비용계획 상세_26년'!$B:$B,'(계획)손익계산서 월별계획'!$B65) -> 0 | H65: =SUMIFS('(계획)비용계획 상세_26년'!N:N,'(계획)비용계획 상세_26년'!$I:$I,'(계획)손익계산서 월별계획'!$B$53,'(계획)비용계획 상세_26년'!$B:$B,'(계획)손익계산서 월별계획'!$B65) -> 0 | I65: =SUMIFS('(계획)비용계획 상세_26년'!O:O,'(계획)비용계획 상세_26년'!$I:$I,'(계획)손익계산서 월별계획'!$B$53,'(계획)비용계획 상세_26년'!$B:$B,'(계획)손익계산서 월별계획'!$B65) -> 0 | J65: =SUMIFS('(계획)비용계획 상세_26년'!P:P,'(계획)비용계획 상세_26년'!$I:$I,'(계획)손익계산서 월별계획'!$B$53,'(계획)비용계획 상세_26년'!$B:$B,'(계획)손익계산서 월별계획'!$B65) -> 0 | K65: =SUMIFS('(계획)비용계획 상세_26년'!Q:Q,'(계획)비용계획 상세_26년'!$I:$I,'(계획)손익계산서 월별계획'!$B$53,'(계획)비용계획 상세_26년'!$B:$B,'(계획)손익계산서 월별계획'!$B65) -> 0 | L65: =SUMIFS('(계획)비용계획 상세_26년'!R:R,'(계획)비용계획 상세_26년'!$I:$I,'(계획)손익계산서 월별계획'!$B$53,'(계획)비용계획 상세_26년'!$B:$B,'(계획)손익계산서 월별계획'!$B65) -> 0 | M65: =SUMIFS('(계획)비용계획 상세_26년'!S:S,'(계획)비용계획 상세_26년'!$I:$I,'(계획)손익계산서 월별계획'!$B$53,'(계획)비용계획 상세_26년'!$B:$B,'(계획)손익계산서 월별계획'!$B65) -> 0 | N65: =SUMIFS('(계획)비용계획 상세_26년'!T:T,'(계획)비용계획 상세_26년'!$I:$I,'(계획)손익계산서 월별계획'!$B$53,'(계획)비용계획 상세_26년'!$B:$B,'(계획)손익계산서 월별계획'!$B65) -> 0 | O65: =SUMIFS('(계획)비용계획 상세_26년'!U:U,'(계획)비용계획 상세_26년'!$I:$I,'(계획)손익계산서 월별계획'!$B$53,'(계획)비용계획 상세_26년'!$B:$B,'(계획)손익계산서 월별계획'!$B65) -> 0 | P65: =SUMIFS('(계획)비용계획 상세_26년'!V:V,'(계획)비용계획 상세_26년'!$I:$I,'(계획)손익계산서 월별계획'!$B$53,'(계획)비용계획 상세_26년'!$B:$B,'(계획)손익계산서 월별계획'!$B65) -> 0
... B67: 기타비용 | C67: =SUM(E67:P67) -> 89460229 | E67: =SUMIFS('(계획)비용계획 상세_26년'!K:K,'(계획)비용계획 상세_26년'!$I:$I,'(계획)손익계산서 월별계획'!$B$53,'(계획)비용계획 상세_26년'!$B:$B,'(계획)손익계산서 월별계획'!$B67) -> 6670019.1 | F67: =SUMIFS('(계획)비용계획 상세_26년'!L:L,'(계획)비용계획 상세_26년'!$I:$I,'(계획)손익계산서 월별계획'!$B$53,'(계획)비용계획 상세_26년'!$B:$B,'(계획)손익계산서 월별계획'!$B67) -> 6670019.1 | G67: =SUMIFS('(계획)비용계획 상세_26년'!M:M,'(계획)비용계획 상세_26년'!$I:$I,'(계획)손익계산서 월별계획'!$B$53,'(계획)비용계획 상세_26년'!$B:$B,'(계획)손익계산서 월별계획'!$B67) -> 15670019 | H67: =SUMIFS('(계획)비용계획 상세_26년'!N:N,'(계획)비용계획 상세_26년'!$I:$I,'(계획)손익계산서 월별계획'!$B$53,'(계획)비용계획 상세_26년'!$B:$B,'(계획)손익계산서 월별계획'!$B67) -> 6670019.1 | I67: =SUMIFS('(계획)비용계획 상세_26년'!O:O,'(계획)비용계획 상세_26년'!$I:$I,'(계획)손익계산서 월별계획'!$B$53,'(계획)비용계획 상세_26년'!$B:$B,'(계획)손익계산서 월별계획'!$B67) -> 7330019.1 | J67: =SUMIFS('(계획)비용계획 상세_26년'!P:P,'(계획)비용계획 상세_26년'!$I:$I,'(계획)손익계산서 월별계획'!$B$53,'(계획)비용계획 상세_26년'!$B:$B,'(계획)손익계산서 월별계획'!$B67) -> 6670019.1 | K67: =SUMIFS('(계획)비용계획 상세_26년'!Q:Q,'(계획)비용계획 상세_26년'!$I:$I,'(계획)손익계산서 월별계획'!$B$53,'(계획)비용계획 상세_26년'!$B:$B,'(계획)손익계산서 월별계획'!$B67) -> 6520019.1 | L67: =SUMIFS('(계획)비용계획 상세_26년'!R:R,'(계획)비용계획 상세_26년'!$I:$I,'(계획)손익계산서 월별계획'!$B$53,'(계획)비용계획 상세_26년'!$B:$B,'(계획)손익계산서 월별계획'!$B67) -> 6520019.1 | M67: =SUMIFS('(계획)비용계획 상세_26년'!S:S,'(계획)비용계획 상세_26년'!$I:$I,'(계획)손익계산서 월별계획'!$B$53,'(계획)비용계획 상세_26년'!$B:$B,'(계획)손익계산서 월별계획'!$B67) -> 6520019.1 | N67: =SUMIFS('(계획)비용계획 상세_26년'!T:T,'(계획)비용계획 상세_26년'!$I:$I,'(계획)손익계산서 월별계획'!$B$53,'(계획)비용계획 상세_26년'!$B:$B,'(계획)손익계산서 월별계획'!$B67) -> 6520019.1 | O67: =SUMIFS('(계획)비용계획 상세_26년'!U:U,'(계획)비용계획 상세_26년'!$I:$I,'(계획)손익계산서 월별계획'!$B$53,'(계획)비용계획 상세_26년'!$B:$B,'(계획)손익계산서 월별계획'!$B67) -> 7180019.1 | P67: =SUMIFS('(계획)비용계획 상세_26년'!V:V,'(계획)비용계획 상세_26년'!$I:$I,'(계획)손익계산서 월별계획'!$B$53,'(계획)비용계획 상세_26년'!$B:$B,'(계획)손익계산서 월별계획'!$B67) -> 6520019.1
B68: Ⅴ.영업이익 | C68: =SUM(E68:P68) -> -9.5479091e+09 | D68: 0 | E68: =+E16-E18 -> -1.2122964e+09 | F68: =+F16-F18 -> -1.2890406e+09 | G68: =+G16-G18 -> -7.9264023e+08 | H68: =+H16-H18 -> -8.6028774e+08 | I68: =+I16-I18 -> -7.4643752e+08 | J68: =+J16-J18 -> 94412523 | K68: =+K16-K18 -> -7.9839985e+08 | L68: =+L16-L18 -> -8.4561204e+08 | ... P68: =+P16-P18 -> -4.7282092e+08
B69: (이익률) | C69: =C68/C6 -> -0.20101464 | D69: 0 | E69: =E68/E6 -> -0.67276031 | F69: =F68/F6 -> -0.56856784 | G69: =G68/G6 -> -0.24664475 | H69: =H68/H6 -> -0.14641519 | I69: =I68/I6 -> -0.24586178 | J69: =J68/J6 -> 0.021463537 | K69: =K68/K6 -> -0.19101181 | L69: =L68/L6 -> -0.39668985 | ... P69: =P68/P6 -> -0.037465822
C74: -9.5479091e+09

Sheet (계획)26년 매출매입 월별계획
B2: ▣ '26년 전장사업부 상품 매출 계획 | R2: (백만)
B3: NO | C3: 구분 | D3: 사업장 | E3: 25.01월 | F3: 25.02월 | G3: 25.03월 | H3: 25.04월 | I3: 25.05월 | J3: 25.06월 | K3: 25.07월 | L3: 25.08월 | M3: 25.09월 | N3: 25.10월 | O3: 25.11월 | P3: 25.12월 | Q3: 합계 | R3: 비고
B4: 1 | C4: 제품/ 상품 | D4: KSC | Q4: =SUM(E4:P4) -> 0
D5: ISUZU | E5: 268009000 | F5: 470499568 | G5: 581814052 | H5: 916682560 | I5: 897375852 | J5: 903742952 | K5: 1032380066 | L5: 832505164 | M5: 841903084 | N5: 771418684 | O5: 771418684 | P5: 771418684 | Q5: =SUM(E5:P5) -> 9059168350 | S5: KSC | T5: 상품 | U5: ISUZU | V5: 매출 | W5: KSC
B6: 2 | D6: KSCP | Q6: =SUM(E6:P6) -> 0
D7: PSA_PHEV | Q7: =SUM(E7:P7) -> 0 | S7: KSCP | T7: 부품 | U7: WAVE1 | V7: 매출 | W7: KSCP
B8: 3 | D8: KSCE | Q8: =SUM(E8:P8) -> 0
D9: GEN3 | Q9: =SUM(E9:P9) -> 0 | S9: KSCE | T9: 상품 | U9: GEN3 | V9: 매출 | W9: KSCE
B10: 4 | D10: KSCM | Q10: =SUM(E10:P10) -> 0
D11: BEV-G/H_GP | Q11: =SUM(E11:P11) -> 0
B12: 5 | D12: KSCI | Q12: =SUM(E12:P12) -> 0
D13: BEV-G/H_KSCI | Q13: =SUM(E13:P13) -> 0 | S13: KSCI | T13: 부품 | U13: BEV-G | V13: 매출 | W13: KSCI
D14: 합계 | Q14: =SUM(E14:P14) -> 0
B17: ▣ '26년 전장사업부 상품 매입 계획 | R17: (백만)
B18: NO | C18: 구분 | D18: 사업장 | E18: 25.01월 | F18: 25.02월 | G18: 25.03월 | H18: 25.04월 | I18: 25.05월 | J18: 25.06월 | K18: 25.07월 | L18: 25.08월 | M18: 25.09월 | N18: 25.10월 | O18: 25.11월 | P18: 25.12월 | Q18: 합계 | R18: 비고
B19: 1 | C19: 제품/ 상품 | D19: KSC | Q19: =SUM(E19:P19) -> 0
D20: ISUZU | E20: 154758500 | F20: 261536528 | G20: 3.205398e+08 | H20: 517598810 | I20: 506557096 | J20: 510213692 | K20: 5.8745998e+08 | L20: 4.7283164e+08 | M20: 4.7807161e+08 | N20: 4.3877179e+08 | O20: 4.3877179e+08 | P20: 4.3877179e+08 | Q20: =SUM(E20:P20) -> 5125883039 | S20: KSC | T20: 상품 | U20: ISUZU | V20: 매입 | W20: KSC
B21: 2 | D21: KSCP | Q21: =SUM(E21:P21) -> 0
D22: PSA_PHEV | Q22: =SUM(E22:P22) -> 0 | S22: KSCP | T22: 부품 | U22: WAVE1 | V22: 매입 | W22: KSCP
B23: 3 | D23: KSCE | Q23: =SUM(E23:P23) -> 0
D24: GEN3 | Q24: =SUM(E24:P24) -> 0 | S24: KSCE | T24: 상품 | U24: GEN3 | V24: 매입 | W24: KSCE
B25: 4 | D25: KSCM | Q25: =SUM(E25:P25) -> 0
D26: BEV-G/H_GP | Q26: =SUM(E26:P26) -> 0
B27: 5 | D27: KSCI | Q27: =SUM(E27:P27) -> 0
D28: BEV-G/H_KSCI | Q28: =SUM(E28:P28) -> 0 | S28: KSCI | T28: 부품 | U28: BEV-G | V28: 매입 | W28: KSCI
D29: 합계 | Q29: =SUM(E29:P29) -> 0
B32: ▣ '26년 전장사업부 부품 매출 계획 | R32: (백만)
B33: NO | C33: 구분 | D33: 사업장 | E33: 25.01월 | F33: 25.02월 | G33: 25.03월 | H33: 25.04월 | I33: 25.05월 | J33: 25.06월 | K33: 25.07월 | L33: 25.08월 | M33: 25.09월 | N33: 25.10월 | O33: 25.11월 | P33: 25.12월 | Q33: 합계 | R33: 비고
B34: 1 | C34: 부품 | D34: KSC | Q34: =SUM(E34:P34) -> 0
B35: 2 | D35: KSCP | E35: 7031337.6 | F35: 3446280.6 | G35: 1526540.4 | H35: 6915690.6 | I35: 2220422.4 | J35: 1817310 | K35: 1817310 | L35: 1817310 | M35: 1817310 | N35: 1817310 | O35: 1817310 | P35: 1817310 | Q35: =SUM(E35:P35) -> 33861442 | T35: 부품 | V35: 매출 | X35: 33861442
B36: 3 | D36: KSCE | E36: 1.5269334e+09 | F36: 1.781872e+09 | G36: 2.1066584e+09 | H36: 1.948325e+09 | I36: 2.0262926e+09 | J36: 2.06981e+09 | K36: 1.6172656e+09 | L36: 1.2156491e+09 | M36: 1.6674489e+09 | N36: 1.8118621e+09 | O36: 1.7006411e+09 | P36: 1.8879089e+09 | Q36: =SUM(E36:P36) -> 2.1360667e+10 | R36: ▶EV-V4 전선 수급처 미확정으로 단가 미반영 | S36: KSCE | T36: 부품 | V36: 매출 | X36: 2.1360667e+10
B37: 4 | D37: KSCCZ | E37: 0 | F37: 0 | G37: 0 | H37: 0 | I37: 26662620 | J37: 76022238 | K37: 76022238 | L37: 76022238 | M37: 76022238 | N37: 76022238 | O37: 76022238 | P37: 76022238 | Q37: =SUM(E37:P37) -> 5.5881828e+08 | S37: KSCCZ | T37: 부품 | V37: 매출 | X37: 5.5881828e+08
B38: 5 | D38: KSGP | Q38: =SUM(E38:P38) -> 0 | S38: KSGP | T38: 부품 | V38: 매출 | X38: 0
B39: 6 | D39: KSCI | Q39: =SUM(E39:P39) -> 0 | X39: 0
B40: 7 | D40: 유상사급 | E40: 0 | F40: 14623812 | G40: 21935718 | H40: 14623812 | I40: 14623812 | J40: 14623812 | K40: 7311906 | L40: 7311906 | M40: 7311906 | N40: 7311906 | O40: 7311906 | P40: 7311906 | Q40: =SUM(E40:P40) -> 124302402 | X40: 124302402
D41: 기타 | E41: 0 | F41: 11353254 | G41: 17029880 | H41: 11353254 | I41: 11353254 | J41: 11353254 | K41: 5676626.8 | L41: 5676626.8 | M41: 5676626.8 | N41: 5676626.8 | O41: 5676626.8 | P41: 5676626.8 | Q41: =SUM(E41:P41) -> 96502655 | T41: 부품 | V41: 매출 | X41: 1.0100415e+08
D42: 합계 | E42: =SUM(E34:E41) -> 1.5339647e+09 | F42: =SUM(F34:F41) -> 1.8112953e+09 | G42: =SUM(G34:G41) -> 2.1471506e+09 | H42: =SUM(H34:H41) -> 1.9812178e+09 | I42: =SUM(I34:I41) -> 2.0811527e+09 | J42: =SUM(J34:J41) -> 2.1736267e+09 | K42: =SUM(K34:K41) -> 1.7080937e+09 | L42: =SUM(L34:L41) -> 1.3064772e+09 | ... P42: =SUM(P34:P41) -> 1.9787369e+09 | Q42: =SUM(E42:P42) -> 2.2174152e+10
D43: 합계 (유상사급 제외) | E43: =E42-E40 -> 1.5339647e+09 | F43: =F42-F40 -> 1.7966715e+09 | G43: =G42-G40 -> 2.1252148e+09 | H43: =H42-H40 -> 1.966594e+09 | I43: =I42-I40 -> 2.0665289e+09 | J43: =J42-J40 -> 2.1590029e+09 | K43: =K42-K40 -> 1.7007817e+09 | L43: =L42-L40 -> 1.2991653e+09 | ... P43: =P42-P40 -> 1.971425e+09 | Q43: =SUM(E43:P43) -> 2.204985e+10
B45: ▣ '26년 전장사업부 부품 매입 계획 | R45: (백만)
B46: NO | C46: 구분 | D46: 사업장 | E46: 25.01월 | F46: 25.02월 | G46: 25.03월 | H46: 25.04월 | I46: 25.05월 | J46: 25.06월 | K46: 25.07월 | L46: 25.08월 | M46: 25.09월 | N46: 25.10월 | O46: 25.11월 | P46: 25.12월 | Q46: 합계 | R46: 비고
B47: =+B34 -> 1 | C47: 부품 | D47: KSC | Q47: =SUM(E47:P47) -> 0
B48: =+B35 -> 2 | D48: KSCP | E48: 6696512 | F48: 3282172 | G48: 1453848 | H48: 6586372 | I48: 2114688 | J48: 1730771.4 | K48: 1730771.4 | L48: 1730771.4 | M48: 1730771.4 | N48: 1730771.4 | O48: 1730771.4 | P48: 1730771.4 | Q48: =SUM(E48:P48) -> 32248992 | T48: 부품 | V48: 매입
B49: =+B36 -> 3 | D49: KSCE | E49: 1.4824596e+09 | F49: 1.7299728e+09 | G49: 2.0452994e+09 | H49: 1.8915777e+09 | I49: 1.9672743e+09 | J49: 2.0095243e+09 | K49: 1.5701608e+09 | L49: 1.1802419e+09 | M49: 1.6188825e+09 | N49: 1.7590894e+09 | O49: 1.6511079e+09 | P49: 1.8329212e+09 | Q49: =SUM(E49:P49) -> 2.0738512e+10 | S49: KSCE | T49: 부품 | V49: 매입
B50: =+B37 -> 4 | D50: KSCCZ | E50: 0 | F50: 0 | G50: 0 | H50: 0 | I50: 25392971 | J50: 72402131 | K50: 72402131 | L50: 72402131 | M50: 72402131 | N50: 72402131 | O50: 72402131 | P50: 72402131 | Q50: =SUM(E50:P50) -> 5.3220789e+08 | S50: KSCCZ | T50: 부품 | V50: 매입
B51: =+B38 -> 5 | D51: KSGP | Q51: =SUM(E51:P51) -> 0 | S51: KSGP | T51: 부품 | V51: 매입
B52: =+B39 -> 6 | D52: KSCI | Q52: =SUM(E52:P52) -> 0
B53: =+B40 -> 7 | D53: 유상사급 | E53: 0 | F53: 14623812 | G53: 21935718 | H53: 14623812 | I53: 14623812 | J53: 14623812 | K53: 7311906 | L53: 7311906 | M53: 7311906 | N53: 7311906 | O53: 7311906 | P53: 7311906 | Q53: =SUM(E53:P53) -> 124302402
D54: 기타 | E54: 0 | F54: 11882841 | G54: 17824261 | H54: 11882841 | I54: 11882841 | J54: 11882841 | K54: 5941420.4 | L54: 5941420.4 | M54: 5941420.4 | N54: 5941420.4 | O54: 5941420.4 | P54: 5941420.4 | Q54: =SUM(E54:P54) -> 1.0100415e+08 | T54: 부품 | V54: 매입
D55: 합계 | E55: =SUM(E47:E54) -> 1.4891561e+09 | F55: =SUM(F47:F54) -> 1.7597616e+09 | G55: =SUM(G47:G54) -> 2.0865133e+09 | H55: =SUM(H47:H54) -> 1.9246707e+09 | I55: =SUM(I47:I54) -> 2.0212887e+09 | J55: =SUM(J47:J54) -> 2.1101639e+09 | K55: =SUM(K47:K54) -> 1.657547e+09 | L55: =SUM(L47:L54) -> 1.2676281e+09 | ... P55: =SUM(P47:P54) -> 1.9203075e+09 | Q55: =SUM(E55:P55) -> 2.1528275e+10
D56: 합계 (유상사급 제외) | Q56: =SUM(E56:P56) -> 0
Q58: =Q41-Q54 -> -4501491.5
B62: ▣ '26년 금형 매출 계획
C63: 고 객 | D63: 프로젝트명 | E63: 1월 | F63: 2월 | G63: 3월 | H63: 4월 | I63: 5월 | J63: 6월 | K63: 7월 | L63: 8월 | M63: 9월 | N63: 10월 | O63: 11월 | P63: 12월 | Q63: 합 계
C64: 합 계 | E64: =E68+E70+E75 -> 0 | F64: =F68+F70+F75 -> 0 | G64: =G68+G70+G75 -> 0 | H64: =H68+H70+H75 -> 2954900000 | I64: =I68+I70+I75 -> 0 | J64: =J68+J70+J75 -> 228200000 | K64: =K68+K70+K75 -> 1446683600 | L64: =L68+L70+L75 -> 0 | ... Q64: =Q68+Q70+Q75 -> 7288971635 | R64: 기타 | V64: 매출
C65: FORD | D65: FORD BEV-H 26MY | P65: 1073500000 | Q65: =SUM(E65:P65) -> 1073500000
D66: FORD Ev-V4 | P66: 267988435 | Q66: =SUM(E66:P66) -> 267988435
D67: FORD BEV-V | P67: 38250000 | Q67: =SUM(E67:P67) -> 38250000
C68: FORD 소계 | E68: =SUM(E65:E67) -> 0 | F68: =SUM(F65:F67) -> 0 | G68: =SUM(G65:G67) -> 0 | H68: =SUM(H65:H67) -> 0 | I68: =SUM(I65:I67) -> 0 | J68: =SUM(J65:J67) -> 0 | K68: =SUM(K65:K67) -> 0 | L68: =SUM(L65:L67) -> 0 | ... Q68: =SUM(Q65:Q67) -> 1379738435
C69: LGES | Q69: =SUM(E69:P69) -> 0
C70: LGES 소계 | E70: =SUM(E69:E69) -> 0 | F70: =SUM(F69:F69) -> 0 | G70: =SUM(G69:G69) -> 0 | H70: =SUM(H69:H69) -> 0 | I70: =SUM(I69:I69) -> 0 | J70: =SUM(J69:J69) -> 0 | K70: =SUM(K69:K69) -> 0 | L70: =SUM(L69:L69) -> 0 | ... Q70: =SUM(Q69:Q69) -> 0
C71: SKOn | D71: SK on FORD BEV-K | K71: 1424683600 | P71: 1155449600 | Q71: =SUM(E71:P71) -> 2580133200
D72: SK on FORD BEV-H (TP) | M72: 124000000 | Q72: =SUM(E72:P72) -> 124000000
D73: SK on FORD EREV-T3H | H73: 2954900000 | J73: 1200000 | K73: 22000000 | Q73: =SUM(E73:P73) -> 2978100000
D74: SK on VW MEB (EVO) | J74: 227000000 | Q74: =SUM(E74:P74) -> 227000000
D75: SK on VW MEB (EVO) | E75: =SUM(E71:E74) -> 0 | F75: =SUM(F71:F74) -> 0 | G75: =SUM(G71:G74) -> 0 | H75: =SUM(H71:H74) -> 2954900000 | I75: =SUM(I71:I74) -> 0 | J75: =SUM(J71:J74) -> 228200000 | K75: =SUM(K71:K74) -> 1446683600 | L75: =SUM(L71:L74) -> 0 | ... Q75: =SUM(Q71:Q74) -> 5909233200
B77: ▣ '26년 설비 매출 계획
C78: 항 목 | E78: 1월 | F78: 2월 | G78: 3월 | H78: 4월 | I78: 5월 | J78: 6월 | K78: 7월 | L78: 8월 | M78: 9월 | N78: 10월 | O78: 11월 | P78: 12월 | Q78: 합 계
C79: FORD Ev-V4 (버스바A'ssy 1라인) | G79: 140080000 | Q79: =SUM(E79:P79) -> 140080000 | T79: 1. CC율: KSCI 20%, KSCE 3%
C80: FORD Ev-V4 (버스바 2차라인) | I80: 72100000 | Q80: =SUM(E80:P80) -> 72100000
C81: SK on VW MEB (GEN1) PCB Pin Map 변경 라인 개조 | J81: 102073000 | Q81: =SUM(E81:P81) -> 102073000
C82: PSA WAVE1 (A/S) | M82: 34505000 | Q82: =SUM(E82:P82) -> 34505000
C83: SKOn FORD BEV-K SMA/BSA 1라인 | P83: 7342028194 | Q83: =SUM(E83:P83) -> 7342028194
Q84: =SUM(E84:P84) -> 0
Q85: =SUM(E85:P85) -> 0
Q86: =SUM(E86:P86) -> 0
Q87: =SUM(E87:P87) -> 0
Q88: =SUM(E88:P88) -> 0
Q89: =SUM(E89:P89) -> 0
D90: 합 계 | E90: =SUM(E79:E89) -> 0 | F90: =SUM(F79:F89) -> 0 | G90: =SUM(G79:G89) -> 140080000 | H90: =SUM(H79:H89) -> 0 | I90: =SUM(I79:I89) -> 72100000 | J90: =SUM(J79:J89) -> 102073000 | K90: =SUM(K79:K89) -> 0 | L90: =SUM(L79:L89) -> 0 | ... P90: =SUM(P79:P89) -> 7342028194 | Q90: =SUM(E90:P90) -> 7690786194 | R90: 기타 | V90: 매출
B93: ▣ '26년 포장비 매출 계획
D94: 항 목 | E94: 1월 | F94: 2월 | G94: 3월 | H94: 4월 | I94: 5월 | J94: 6월 | K94: 7월 | L94: 8월 | M94: 9월 | N94: 10월 | O94: 11월 | P94: 12월 | Q94: 합 계
D95: 해외사업장 판매용 포장자재 매입 (MEB TRAY) | Q95: =SUM(E95:P95) -> 0 | R95: 기타 | V95: 매출
D96: *3%로 수정
B98: ▣ '26년 샘플 매출 계획
D99: 항 목 | E99: 1월 | F99: 2월 | G99: 3월 | H99: 4월 | I99: 5월 | J99: 6월 | K99: 7월 | L99: 8월 | M99: 9월 | N99: 10월 | O99: 11월 | P99: 12월 | Q99: 합 계
D100: 합 계 | E100: =SUM(E101:E104) -> 0 | F100: =SUM(F101:F104) -> 0 | G100: =SUM(G101:G104) -> 366583000 | H100: =SUM(H101:H104) -> 37496000 | I100: =SUM(I101:I104) -> 0 | J100: =SUM(J101:J104) -> 1005721400 | K100: =SUM(K101:K104) -> 0 | L100: =SUM(L101:L104) -> 0 | ... Q100: =SUM(Q101:Q104) -> 1409800400 | R100: 기타 | V100: 매출
D101: EREV-T3H TPV 샘플 | G101: 366583000 | H101: 37496000 | J101: 411000000 | Q101: =SUM(E101:P101) -> 815079000
D102: EREV-T3H TPV DV평가 | J102: 594721400 | Q102: =SUM(E102:P102) -> 594721400
Q103: =SUM(E103:P103) -> 0
Q104: =SUM(E104:P104) -> 0
B109: ▣ '26년 금형 매입 계획
C110: 고 객 | D110: 프로젝트명 | E110: 1월 | F110: 2월 | G110: 3월 | H110: 4월 | I110: 5월 | J110: 6월 | K110: 7월 | L110: 8월 | M110: 9월 | N110: 10월 | O110: 11월 | P110: 12월 | Q110: 합 계
C111: 합 계 | E111: =E115+E117+E123 -> 0 | F111: =F115+F117+F123 -> 0 | G111: =G115+G117+G123 -> 0 | H111: =H115+H117+H123 -> 2954900000 | I111: =I115+I117+I123 -> 0 | J111: =J115+J117+J123 -> 228200000 | K111: =K115+K117+K123 -> 1446683600 | L111: =L115+L117+L123 -> 0 | ... Q111: =Q115+Q117+Q123 -> 7288971635 | R111: 기타 | V111: 매입
C112: FORD | D112: FORD BEV-H 26MY | P112: 1073500000 | Q112: =SUM(E112:P112) -> 1073500000
D113: FORD Ev-V4 | P113: 267988435 | Q113: =SUM(E113:P113) -> 267988435
D114: FORD BEV-V | P114: 38250000 | Q114: =SUM(E114:P114) -> 38250000
C115: FORD 소계 | E115: =SUM(E112:E114) -> 0 | F115: =SUM(F112:F114) -> 0 | G115: =SUM(G112:G114) -> 0 | H115: =SUM(H112:H114) -> 0 | I115: =SUM(I112:I114) -> 0 | J115: =SUM(J112:J114) -> 0 | K115: =SUM(K112:K114) -> 0 | L115: =SUM(L112:L114) -> 0 | ... Q115: =SUM(Q112:Q114) -> 1379738435
C116: LGES | Q116: =SUM(E116:P116) -> 0
C117: LGES 소계 | E117: =SUM(E116:E116) -> 0 | F117: =SUM(F116:F116) -> 0 | G117: =SUM(G116:G116) -> 0 | H117: =SUM(H116:H116) -> 0 | I117: =SUM(I116:I116) -> 0 | J117: =SUM(J116:J116) -> 0 | K117: =SUM(K116:K116) -> 0 | L117: =SUM(L116:L116) -> 0 | ... Q117: =SUM(Q116:Q116) -> 0
C118: SKOn | D118: SK on FORD BEV-K | K118: 1424683600 | P118: 1155449600 | Q118: =SUM(E118:P118) -> 2580133200
...

Sheet (계획)비용계획 상세_26년
A1: 입력 | C1: 계정 | D1: 계정 | E1: 계정 | F1: 코스트 센터 | G1: 코스트 센터 | H1: 코스트 센터 | I1: 코스트 센터 | J1: 코스트 센터 | K1: 2026 | L1: 2026 | M1: 2026 | N1: 2026 | O1: 2026 | P1: 2026 | Q1: 2026 | R1: 2026 | S1: 2026 | T1: 2026 | U1: 2026 | V1: 2026 | W1: 2026 | X1: 2026 | Y1: 12 | Z1: 개월(계획) | AG1: 0.054302199
A2: 부서 | C2: 분류 | D2: 코드 | E2: 내역 | F2: 그룹 | G2: 코드 | H2: 내역 | I2: 성격 | J2: 분류 | K2: 1 | L2: 2 | M2: 3 | N2: 4 | O2: 5 | P2: 6 | Q2: 7 | R2: 8 | S2: 9 | T2: 10 | U2: 11 | V2: 12 | W2: 합계 | X2: 월 평균 | Y2: 비고
B3: =IFERROR(VLOOKUP($C3,$AH:$AI,2,),"") -> 여비교통비 | C3: =IFERROR(VLOOKUP($D3,$AO:$AQ,3,),"") -> 여비교통비 | D3: 52150103 | E3: =IFERROR(VLOOKUP($D3,$AO:$AQ,2,),"") -> 여비교통비_해외출장 | G3: EA000005 | H3: =IFERROR(VLOOKUP($G3,$AK:$AL,2,),"") -> 사업관리팀(E) | I3: =IFERROR(VLOOKUP($G3,$AK:$AM,3,),"") -> [관리비] | K3: 0 | L3: 0 | N3: 0 | O3: 5000000 | P3: 0 | Q3: 0 | R3: 0 | S3: 0 | T3: 0 | U3: 0 | V3: 0 | W3: =IFERROR(SUM(K3:V3),"") -> 5000000 | X3: =IFERROR($W3/$Y$1,"") -> 416666.67 | Y3: 세르비아 EV-V4 수익성 점검. | AH3: 후생비 | AI3: 복리후생비 | AK3: EA000002 | AL3: 전장설계1팀(E) | AM3: [연구개발비] | AO3: 42140120 | AP3: 원재료 매출원가-수기 | AQ3: 매출원가
B4: =IFERROR(VLOOKUP($C4,$AH:$AI,2,),"") -> 기타비용 | C4: =IFERROR(VLOOKUP($D4,$AO:$AQ,3,),"") -> 접대비 | D4: 52230103 | E4: =IFERROR(VLOOKUP($D4,$AO:$AQ,2,),"") -> 접대비_법인카드 | G4: EA000005 | H4: =IFERROR(VLOOKUP($G4,$AK:$AL,2,),"") -> 사업관리팀(E) | I4: =IFERROR(VLOOKUP($G4,$AK:$AM,3,),"") -> [관리비] | K4: 100000 | L4: 100000 | M4: 100000 | N4: 100000 | O4: 100000 | P4: 100000 | Q4: 100000 | R4: 100000 | S4: 100000 | T4: 100000 | U4: 100000 | V4: 100000 | W4: =IFERROR(SUM(K4:V4),"") -> 1200000 | X4: =IFERROR($W4/$Y$1,"") -> 100000 | Y4: 고객사, 협력사 접대 | AH4: 급여 | AI4: 인건비 | AK4: EA000003 | AL4: 전장설계2팀(E) | AM4: [연구개발비] | AO4: 42190150 | AP4: 기타매출원가 | AQ4: 매출원가
B5: =IFERROR(VLOOKUP($C5,$AH:$AI,2,),"") -> 복리후생비 | C5: =IFERROR(VLOOKUP($D5,$AO:$AQ,3,),"") -> 후생비 | D5: 52130123 | E5: =IFERROR(VLOOKUP($D5,$AO:$AQ,2,),"") -> 후생비_외근식대 | G5: EA000005 | H5: =IFERROR(VLOOKUP($G5,$AK:$AL,2,),"") -> 사업관리팀(E) | I5: =IFERROR(VLOOKUP($G5,$AK:$AM,3,),"") -> [관리비] | K5: 39000 | L5: 39000 | M5: 39000 | N5: 39000 | O5: 39000 | P5: 39000 | Q5: 39000 | R5: 39000 | S5: 39000 | T5: 39000 | U5: 39000 | V5: 39000 | W5: =IFERROR(SUM(K5:V5),"") -> 468000 | X5: =IFERROR($W5/$Y$1,"") -> 39000 | Y5: SK on FORD EREV-T3H 생산라인 외근 외 | AH5: 상여 | AI5: 인건비 | AK5: EA000005 | AL5: 사업관리팀(E) | AM5: [관리비] | AO5: 51110121 | AP5: 재료비_제품투입비 | AQ5: 재료비
B6: =IFERROR(VLOOKUP($C6,$AH:$AI,2,),"") -> 운반비 | C6: =IFERROR(VLOOKUP($D6,$AO:$AQ,3,),"") -> 운반비 | D6: 52259900 | E6: =IFERROR(VLOOKUP($D6,$AO:$AQ,2,),"") -> 운반비_기타 | G6: EA000005 | H6: =IFERROR(VLOOKUP($G6,$AK:$AL,2,),"") -> 사업관리팀(E) | I6: =IFERROR(VLOOKUP($G6,$AK:$AM,3,),"") -> [관리비] | K6: 1000000 | L6: 1000000 | M6: 1000000 | N6: 1000000 | O6: 1000000 | P6: 1000000 | Q6: 1000000 | R6: 1000000 | S6: 1000000 | T6: 1000000 | U6: 1000000 | V6: 1000000 | W6: =IFERROR(SUM(K6:V6),"") -> 12000000 | X6: =IFERROR($W6/$Y$1,"") -> 1000000 | Y6: 전정사업부 퀵 이용비용 처리. | AH6: 퇴직급여 | AI6: 인건비 | AK6: EB000002 | AL6: 제품개발팀(E) | AM6: [연구개발비] | AO6: 51110165 | AP6: 재료비_포장재_합판보빈 | AQ6: 재료비
B7: =IFERROR(VLOOKUP($C7,$AH:$AI,2,),"") -> 지급수수료 | C7: =IFERROR(VLOOKUP($D7,$AO:$AQ,3,),"") -> 지급수수료 | D7: 52319900 | E7: =IFERROR(VLOOKUP($D7,$AO:$AQ,2,),"") -> 지급수수료_기타 | G7: EA000005 | H7: =IFERROR(VLOOKUP($G7,$AK:$AL,2,),"") -> 사업관리팀(E) | I7: =IFERROR(VLOOKUP($G7,$AK:$AM,3,),"") -> [관리비] | K7: 2500000 | L7: 2500000 | M7: 2500000 | N7: 2500000 | O7: 2500000 | P7: 2500000 | Q7: 2500000 | R7: 2500000 | S7: 2500000 | T7: 2500000 | U7: 2500000 | V7: 2500000 | W7: =IFERROR(SUM(K7:V7),"") -> 30000000 | X7: =IFERROR($W7/$Y$1,"") -> 2500000 | Y7: 사외창고 설비보관료 | AH7: 교육훈련비 | AI7: 기타비용 | AK7: EB000003 | AL7: 구매팀(E) | AM7: [관리비] | AO7: 51110168 | AP7: 재료비_포장재_기타 | AQ7: 재료비
B8: =IFERROR(VLOOKUP($C8,$AH:$AI,2,),"") -> 복리후생비 | C8: =IFERROR(VLOOKUP($D8,$AO:$AQ,3,),"") -> 후생비 | D8: 52130125 | E8: =IFERROR(VLOOKUP($D8,$AO:$AQ,2,),"") -> 후생비_기타식대 | G8: EA000005 | H8: =IFERROR(VLOOKUP($G8,$AK:$AL,2,),"") -> 사업관리팀(E) | I8: =IFERROR(VLOOKUP($G8,$AK:$AM,3,),"") -> [관리비] | K8: 13000 | L8: 13000 | M8: 13000 | N8: 13000 | O8: 13000 | P8: 13000 | Q8: 13000 | R8: 13000 | S8: 13000 | T8: 13000 | U8: 13000 | V8: 13000 | W8: =IFERROR(SUM(K8:V8),"") -> 156000 | X8: =IFERROR($W8/$Y$1,"") -> 13000 | Y8: 특근식대 | AH8: 여비교통비 | AI8: 여비교통비 | AK8: EB000005 | AL8: 생산기술팀(E) | AM8: [관리비] | AO8: 51110191 | AP8: 원재료비_수기(SCR) | AQ8: 재료비
B9: =IFERROR(VLOOKUP($C9,$AH:$AI,2,),"") -> 기타비용 | C9: =IFERROR(VLOOKUP($D9,$AO:$AQ,3,),"") -> 차량유지비 | D9: 52359900 | E9: =IFERROR(VLOOKUP($D9,$AO:$AQ,2,),"") -> 차량유지비_기타 | G9: EA000005 | H9: =IFERROR(VLOOKUP($G9,$AK:$AL,2,),"") -> 사업관리팀(E) | I9: =IFERROR(VLOOKUP($G9,$AK:$AM,3,),"") -> [관리비] | K9: 10000 | L9: 10000 | M9: 10000 | N9: 10000 | O9: 10000 | P9: 10000 | Q9: 10000 | R9: 10000 | S9: 10000 | T9: 10000 | U9: 10000 | V9: 10000 | W9: =IFERROR(SUM(K9:V9),"") -> 120000 | X9: =IFERROR($W9/$Y$1,"") -> 10000 | Y9: 외근시 주차료. | AH9: 세금과공과 | AI9: 세금,보험 | AK9: EB000006 | AL9: 품질경영팀(E) | AM9: [관리비] | AO9: 52110111 | AP9: 급여_직원본봉 | AQ9: 급여
B10: =IFERROR(VLOOKUP($C10,$AH:$AI,2,),"") -> 지급수수료 | C10: =IFERROR(VLOOKUP($D10,$AO:$AQ,3,),"") -> 지급수수료 | D10: 52310107 | E10: =IFERROR(VLOOKUP($D10,$AO:$AQ,2,),"") -> 지급수수료_경비시스템 | G10: EA000005 | H10: =IFERROR(VLOOKUP($G10,$AK:$AL,2,),"") -> 사업관리팀(E) | I10: =IFERROR(VLOOKUP($G10,$AK:$AM,3,),"") -> [관리비] | K10: 400000 | L10: 400000 | M10: 400000 | N10: 400000 | O10: 400000 | P10: 400000 | Q10: 400000 | R10: 400000 | S10: 400000 | T10: 400000 | U10: 400000 | V10: 400000 | W10: =IFERROR(SUM(K10:V10),"") -> 4800000 | X10: =IFERROR($W10/$Y$1,"") -> 400000 | Y10: 시작 샘플 생산 라인 | AH10: 지급임차료 | AI10: 유지비용 | AK10: EP000002 | AL10: 생산기획팀(E) | AM10: [관리비] | AO10: 52110301 | AP10: 제수당_고정수당 | AQ10: 급여
B11: =IFERROR(VLOOKUP($C11,$AH:$AI,2,),"") -> 지급수수료 | C11: =IFERROR(VLOOKUP($D11,$AO:$AQ,3,),"") -> 지급수수료 | D11: 52319900 | E11: =IFERROR(VLOOKUP($D11,$AO:$AQ,2,),"") -> 지급수수료_기타 | G11: EA000005 | H11: =IFERROR(VLOOKUP($G11,$AK:$AL,2,),"") -> 사업관리팀(E) | I11: =IFERROR(VLOOKUP($G11,$AK:$AM,3,),"") -> [관리비] | K11: 2000000 | L11: 3000000 | M11: 3000000 | N11: 3000000 | O11: 3000000 | P11: 2000000 | Q11: 2000000 | R11: 2000000 | S11: 2000000 | T11: 2000000 | U11: 2000000 | V11: 2000000 | W11: =IFERROR(SUM(K11:V11),"") -> 28000000 | X11: =IFERROR($W11/$Y$1,"") -> 2333333.3 | Y11: 시작 샘플 생산 라인 | Z11: 전기세 | AH11: 지급수수료 | AI11: 지급수수료 | AK11: EQ000001 | AL11: 품질부문(E) | AM11: [관리비] | AO11: 52110303 | AP11: 제수당_변동수당 | AQ11: 급여
B12: =IFERROR(VLOOKUP($C12,$AH:$AI,2,),"") -> 지급수수료 | C12: =IFERROR(VLOOKUP($D12,$AO:$AQ,3,),"") -> 지급수수료 | D12: 52319900 | E12: =IFERROR(VLOOKUP($D12,$AO:$AQ,2,),"") -> 지급수수료_기타 | G12: EA000005 | H12: =IFERROR(VLOOKUP($G12,$AK:$AL,2,),"") -> 사업관리팀(E) | I12: =IFERROR(VLOOKUP($G12,$AK:$AM,3,),"") -> [관리비] | K12: 480000 | L12: 480000 | M12: 480000 | N12: 480000 | O12: 480000 | P12: 480000 | Q12: 480000 | R12: 480000 | S12: 480000 | T12: 480000 | U12: 480000 | V12: 480000 | W12: =IFERROR(SUM(K12:V12),"") -> 5760000 | X12: =IFERROR($W12/$Y$1,"") -> 480000 | Y12: 시작 샘플 생산 라인 | Z12: 지게차대여 | AH12: 소모품비 | AI12: 유지비용 | AK12: EQ000002 | AL12: 부품품질팀(E) | AM12: [관리비] | AO12: 52110511 | AP12: 상여_정기상여 | AQ12: 상여
B13: =IFERROR(VLOOKUP($C13,$AH:$AI,2,),"") -> 지급수수료 | C13: =IFERROR(VLOOKUP($D13,$AO:$AQ,3,),"") -> 지급수수료 | D13: 52319900 | E13: =IFERROR(VLOOKUP($D13,$AO:$AQ,2,),"") -> 지급수수료_기타 | G13: EA000005 | H13: =IFERROR(VLOOKUP($G13,$AK:$AL,2,),"") -> 사업관리팀(E) | I13: =IFERROR(VLOOKUP($G13,$AK:$AM,3,),"") -> [관리비] | K13: 400000 | L13: 400000 | M13: 400000 | N13: 400000 | O13: 400000 | P13: 400000 | Q13: 400000 | R13: 400000 | S13: 400000 | T13: 400000 | U13: 400000 | V13: 400000 | W13: =IFERROR(SUM(K13:V13),"") -> 4800000 | X13: =IFERROR($W13/$Y$1,"") -> 400000 | Y13: 시작 샘플 생산 라인 | Z13: 쓰레기처리비 | AH13: 차량유지비 | AI13: 기타비용 | AK13: ES000001 | AL13: 영업팀(E) | AM13: [판매비] | AO13: 52110512 | AP13: 상여_특별상여 | AQ13: 상여
B14: =IFERROR(VLOOKUP($C14,$AH:$AI,2,),"") -> 지급수수료 | C14: =IFERROR(VLOOKUP($D14,$AO:$AQ,3,),"") -> 지급수수료 | D14: 52319900 | E14: =IFERROR(VLOOKUP($D14,$AO:$AQ,2,),"") -> 지급수수료_기타 | G14: EA000005 | H14: =IFERROR(VLOOKUP($G14,$AK:$AL,2,),"") -> 사업관리팀(E) | I14: =IFERROR(VLOOKUP($G14,$AK:$AM,3,),"") -> [관리비] | K14: 1200000 | L14: 1200000 | M14: 1200000 | N14: 1200000 | O14: 1200000 | P14: 1200000 | Q14: 1200000 | R14: 1200000 | S14: 1200000 | T14: 1200000 | U14: 1200000 | V14: 1200000 | W14: =IFERROR(SUM(K14:V14),"") -> 14400000 | X14: =IFERROR($W14/$Y$1,"") -> 1200000 | Y14: 시작 샘플 생산 라인 | Z14: 컴프레셔 임대 | AH14: 접대비 | AI14: 기타비용 | AK14: ET000001 | AL14: 시작평가팀(E) | AM14: [연구개발비] | AO14: 52120101 | AP14: 퇴직급여충당금전입 | AQ14: 퇴직급여
B15: =IFERROR(VLOOKUP($C15,$AH:$AI,2,),"") -> 지급수수료 | C15: =IFERROR(VLOOKUP($D15,$AO:$AQ,3,),"") -> 지급수수료 | D15: 52310114 | E15: =IFERROR(VLOOKUP($D15,$AO:$AQ,2,),"") -> 지급수수료-용역수수료 | G15: EA000005 | H15: =IFERROR(VLOOKUP($G15,$AK:$AL,2,),"") -> 사업관리팀(E) | I15: =IFERROR(VLOOKUP($G15,$AK:$AM,3,),"") -> [관리비] | K15: 35790000 | L15: 35790000 | M15: 35790000 | N15: 35790000 | O15: 35790000 | W15: =IFERROR(SUM(K15:V15),"") -> 178950000 | X15: =IFERROR($W15/$Y$1,"") -> 14912500 | Y15: 시작 샘플 생산 라인 | Z15: 정취 209시간 기준 | AH15: 운반비 | AI15: 운반비 | AK15: EA110000 | AL15: 전장사업부(E) | AM15: [관리비] | AO15: 52120102 | AP15: 퇴직급여(DC형) | AQ15: 퇴직급여
B16: =IFERROR(VLOOKUP($C16,$AH:$AI,2,),"") -> 지급수수료 | C16: =IFERROR(VLOOKUP($D16,$AO:$AQ,3,),"") -> 지급수수료 | D16: 52310114 | E16: =IFERROR(VLOOKUP($D16,$AO:$AQ,2,),"") -> 지급수수료-용역수수료 | G16: EA000005 | H16: =IFERROR(VLOOKUP($G16,$AK:$AL,2,),"") -> 사업관리팀(E) | I16: =IFERROR(VLOOKUP($G16,$AK:$AM,3,),"") -> [관리비] | K16: 500000 | L16: 500000 | M16: 500000 | N16: 500000 | O16: 500000 | P16: 500000 | Q16: 500000 | R16: 500000 | S16: 500000 | T16: 500000 | U16: 500000 | V16: 500000 | W16: =IFERROR(SUM(K16:V16),"") -> 6000000 | X16: =IFERROR($W16/$Y$1,"") -> 500000 | Y16: 시작 샘플 생산 라인 | Z16: 청소비용 | AH16: 수도광열비 | AI16: 유지비용 | AK16: EB000004 | AL16: 구매영업부문(E) | AM16: [판매비] | AO16: 52130108 | AP16: 후생비_학자금 | AQ16: 후생비
B17: =IFERROR(VLOOKUP($C17,$AH:$AI,2,),"") -> 유지비용 | C17: =IFERROR(VLOOKUP($D17,$AO:$AQ,3,),"") -> 지급임차료 | D17: 52190101 | E17: =IFERROR(VLOOKUP($D17,$AO:$AQ,2,),"") -> 지급임차료_건물임차료 | G17: EA000005 | H17: =IFERROR(VLOOKUP($G17,$AK:$AL,2,),"") -> 사업관리팀(E) | I17: =IFERROR(VLOOKUP($G17,$AK:$AM,3,),"") -> [관리비] | K17: 7800000 | L17: 7800000 | M17: 7800000 | N17: 7800000 | O17: 7800000 | P17: 7800000 | Q17: 7800000 | R17: 7800000 | S17: 7800000 | T17: 7800000 | U17: 7800000 | V17: 7800000 | W17: =IFERROR(SUM(K17:V17),"") -> 93600000 | X17: =IFERROR($W17/$Y$1,"") -> 7800000 | Y17: 시작 샘플 생산 라인 | AH17: 동력비 | AI17: 유지비용 | AK17: EP000001 | AL17: 생산부문(E) | AM17: [관리비] | AO17: 52130109 | AP17: 후생비_부서지원비 | AQ17: 후생비
B18: =IFERROR(VLOOKUP($C18,$AH:$AI,2,),"") -> 기타비용 | C18: =IFERROR(VLOOKUP($D18,$AO:$AQ,3,),"") -> 통신비 | D18: 52169900 | E18: =IFERROR(VLOOKUP($D18,$AO:$AQ,2,),"") -> 통신비_기타 | G18: EA000005 | H18: =IFERROR(VLOOKUP($G18,$AK:$AL,2,),"") -> 사업관리팀(E) | I18: =IFERROR(VLOOKUP($G18,$AK:$AM,3,),"") -> [관리비] | K18: 30000 | L18: 30000 | M18: 30000 | N18: 30000 | O18: 30000 | P18: 30000 | Q18: 30000 | R18: 30000 | S18: 30000 | T18: 30000 | U18: 30000 | V18: 30000 | W18: =IFERROR(SUM(K18:V18),"") -> 360000 | X18: =IFERROR($W18/$Y$1,"") -> 30000 | Y18: 시작 샘플 생산 라인 | Z18: 인터넷비용 | AH18: 통신비 | AI18: 기타비용 | AK18: EA000001 | AL18: 연구개발부문(E) | AM18: [연구개발비] | AO18: 52130111 | AP18: 후생비_시상금 | AQ18: 후생비
B19: =IFERROR(VLOOKUP($C19,$AH:$AI,2,),"") -> 유지비용 | C19: =IFERROR(VLOOKUP($D19,$AO:$AQ,3,),"") -> 수도광열비 | D19: 52179900 | E19: =IFERROR(VLOOKUP($D19,$AO:$AQ,2,),"") -> 수도광열비_기타 | G19: EA000005 | H19: =IFERROR(VLOOKUP($G19,$AK:$AL,2,),"") -> 사업관리팀(E) | I19: =IFERROR(VLOOKUP($G19,$AK:$AM,3,),"") -> [관리비] | K19: 300000 | L19: 500000 | M19: 500000 | N19: 500000 | O19: 300000 | P19: 300000 | Q19: 300000 | R19: 300000 | S19: 300000 | T19: 300000 | U19: 300000 | V19: 300000 | W19: =IFERROR(SUM(K19:V19),"") -> 4200000 | X19: =IFERROR($W19/$Y$1,"") -> 350000 | Y19: 시작 샘플 생산 라인 | Z19: 수도세 | AH19: 경상연구비 | AI19: 개발비 | AK19: PJT | AL19: PJT | AM19: [연구개발비] | AO19: 52130115 | AP19: 후생비_회의체운영식대 | AQ19: 후생비
B20: =IFERROR(VLOOKUP($C20,$AH:$AI,2,),"") -> 복리후생비 | C20: =IFERROR(VLOOKUP($D20,$AO:$AQ,3,),"") -> 후생비 | D20: 52130125 | E20: =IFERROR(VLOOKUP($D20,$AO:$AQ,2,),"") -> 후생비_기타식대 | G20: EA000005 | H20: =IFERROR(VLOOKUP($G20,$AK:$AL,2,),"") -> 사업관리팀(E) | I20: =IFERROR(VLOOKUP($G20,$AK:$AM,3,),"") -> [관리비] | K20: 2520000 | L20: 2520000 | M20: 2520000 | N20: 2520000 | O20: 2520000 | W20: =IFERROR(SUM(K20:V20),"") -> 12600000 | X20: =IFERROR($W20/$Y$1,"") -> 1050000 | Y20: 시작 샘플 생산 라인 | Z20: 중석식대 | AH20: 도서인쇄비 | AI20: 기타비용 | AK20: KA100001 | AL20: 부회장 | AM20: [관리비] | AO20: 52130117 | AP20: 후생비_경조금 | AQ20: 후생비
B21: =IFERROR(VLOOKUP($C21,$AH:$AI,2,),"") -> 유지비용 | C21: =IFERROR(VLOOKUP($D21,$AO:$AQ,3,),"") -> 지급임차료 | D21: 52199900 | E21: =IFERROR(VLOOKUP($D21,$AO:$AQ,2,),"") -> 지급임차료_기타 | G21: EA000005 | H21: =IFERROR(VLOOKUP($G21,$AK:$AL,2,),"") -> 사업관리팀(E) | I21: =IFERROR(VLOOKUP($G21,$AK:$AM,3,),"") -> [관리비] | K21: 60000 | L21: 60000 | M21: 60000 | N21: 60000 | O21: 60000 | P21: 60000 | Q21: 60000 | R21: 60000 | S21: 60000 | T21: 60000 | U21: 60000 | V21: 60000 | W21: =IFERROR(SUM(K21:V21),"") -> 720000 | X21: =IFERROR($W21/$Y$1,"") -> 60000 | Y21: 시작 샘플 생산 라인 | Z21: 생수 | AH21: 수선비 | AI21: 유지비용 | AK21: KA300001 | AL21: 대표이사 | AM21: [관리비] | AO21: 52130121 | AP21: 후생비_피복비 | AQ21: 후생비
B22: =IFERROR(VLOOKUP($C22,$AH:$AI,2,),"") -> 여비교통비 | C22: =IFERROR(VLOOKUP($D22,$AO:$AQ,3,),"") -> 여비교통비 | D22: 52150109 | E22: =IFERROR(VLOOKUP($D22,$AO:$AQ,2,),"") -> 여비교통비_교육 | G22: ES000001 | H22: =IFERROR(VLOOKUP($G22,$AK:$AL,2,),"") -> 영업팀(E) | I22: =IFERROR(VLOOKUP($G22,$AK:$AM,3,),"") -> [판매비] | K22: 18000 | L22: 18000 | M22: 18000 | N22: 18000 | O22: 18000 | P22: 18000 | Q22: 18000 | R22: 18000 | S22: 18000 | T22: 18000 | U22: 18000 | V22: 18000 | W22: =IFERROR(SUM(K22:V22),"") -> 216000 | X22: =IFERROR($W22/$Y$1,"") -> 18000 | Y22: 교육비 여비 : 18,000원 | AH22: 감가상각비 | AI22: 감가상각비 | AK22: KD100002 | AL22: 인사총무담당 | AM22: [관리비] | AO22: 52130123 | AP22: 후생비_외근식대 | AQ22: 후생비
B23: =IFERROR(VLOOKUP($C23,$AH:$AI,2,),"") -> 여비교통비 | C23: =IFERROR(VLOOKUP($D23,$AO:$AQ,3,),"") -> 여비교통비 | D23: 52150101 | E23: =IFERROR(VLOOKUP($D23,$AO:$AQ,2,),"") -> 여비교통비_국내출장 | G23: ES000001 | H23: =IFERROR(VLOOKUP($G23,$AK:$AL,2,),"") -> 영업팀(E) | I23: =IFERROR(VLOOKUP($G23,$AK:$AM,3,),"") -> [판매비] | K23: 700000 | L23: 700000 | M23: 700000 | N23: 700000 | O23: 700000 | P23: 700000 | Q23: 700000 | R23: 700000 | S23: 700000 | T23: 700000 | U23: 700000 | V23: 700000 | W23: =IFERROR(SUM(K23:V23),"") -> 8400000 | X23: =IFERROR($W23/$Y$1,"") -> 700000 | Y23: 고객사 업무협의 및 원가 실사: 700,000원/월 | AH23: 보험료 | AI23: 세금,보험 | AK23: KB300000 | AL23: 인사총무팀 | AM23: [관리비] | AO23: 52130124 | AP23: 후생비_관리식대 | AQ23: 후생비
B24: =IFERROR(VLOOKUP($C24,$AH:$AI,2,),"") -> 여비교통비 | C24: =IFERROR(VLOOKUP($D24,$AO:$AQ,3,),"") -> 여비교통비 | D24: 52150103 | E24: =IFERROR(VLOOKUP($D24,$AO:$AQ,2,),"") -> 여비교통비_해외출장 | G24: ES000001 | H24: =IFERROR(VLOOKUP($G24,$AK:$AL,2,),"") -> 영업팀(E) | I24: =IFERROR(VLOOKUP($G24,$AK:$AM,3,),"") -> [판매비] | K24: 8750000 | L24: 8750000 | M24: 8750000 | N24: 8750000 | O24: 8750000 | P24: 8750000 | Q24: 8750000 | R24: 8750000 | S24: 8750000 | T24: 8750000 | U24: 8750000 | V24: 8750000 | W24: =IFERROR(SUM(K24:V24),"") -> 105000000 | X24: =IFERROR($W24/$Y$1,"") -> 8750000 | Y24: 터키, 유럽, 북미 업무협의 및 동향파악: 8,750,000원/월 | AK24: KD100003 | AL24: 재경담당 | AM24: [관리비] | AO24: 52130125 | AP24: 후생비_기타식대 | AQ24: 후생비
B25: =IFERROR(VLOOKUP($C25,$AH:$AI,2,),"") -> 여비교통비 | C25: =IFERROR(VLOOKUP($D25,$AO:$AQ,3,),"") -> 여비교통비 | D25: 52150105 | E25: =IFERROR(VLOOKUP($D25,$AO:$AQ,2,),"") -> 여비교통비_시내 | G25: ES000001 | H25: =IFERROR(VLOOKUP($G25,$AK:$AL,2,),"") -> 영업팀(E) | I25: =IFERROR(VLOOKUP($G25,$AK:$AM,3,),"") -> [판매비] | K25: 97000 | L25: 97000 | M25: 97000 | N25: 97000 | O25: 97000 | P25: 97000 | Q25: 97000 | R25: 97000 | S25: 97000 | T25: 97000 | U25: 97000 | V25: 97000 | W25: =IFERROR(SUM(K25:V25),"") -> 1164000 | X25: =IFERROR($W25/$Y$1,"") -> 97000 | Y25: 고객사 및 협력사 외근시 교통비: 97,000원/월 | AK25: KD200000 | AL25: 재경팀 | AM25: [관리비] | AO25: 52130126 | AP25: 후생비_공상비 | AQ25: 후생비
B26: =IFERROR(VLOOKUP($C26,$AH:$AI,2,),"") -> 여비교통비 | C26: =IFERROR(VLOOKUP($D26,$AO:$AQ,3,),"") -> 여비교통비 | D26: 52159900 | E26: =IFERROR(VLOOKUP($D26,$AO:$AQ,2,),"") -> 여비교통비_기타 | G26: ES000001 | H26: =IFERROR(VLOOKUP($G26,$AK:$AL,2,),"") -> 영업팀(E) | I26: =IFERROR(VLOOKUP($G26,$AK:$AM,3,),"") -> [판매비] | K26: 90000 | L26: 90000 | M26: 90000 | N26: 90000 | O26: 90000 | P26: 90000 | Q26: 90000 | R26: 90000 | S26: 90000 | T26: 90000 | U26: 90000 | V26: 90000 | W26: =IFERROR(SUM(K26:V26),"") -> 1080000 | X26: =IFERROR($W26/$Y$1,"") -> 90000 | Y26: 박람회 티켓: 90,000원/월 | AK26: KA320001 | AL26: 기획담당 | AM26: [관리비] | AO26: 52130127 | AP26: 후생비_제지원금 | AQ26: 후생비
B27: =IFERROR(VLOOKUP($C27,$AH:$AI,2,),"") -> 복리후생비 | C27: =IFERROR(VLOOKUP($D27,$AO:$AQ,3,),"") -> 후생비 | D27: 52130123 | E27: =IFERROR(VLOOKUP($D27,$AO:$AQ,2,),"") -> 후생비_외근식대 | G27: ES000001 | H27: =IFERROR(VLOOKUP($G27,$AK:$AL,2,),"") -> 영업팀(E) | I27: =IFERROR(VLOOKUP($G27,$AK:$AM,3,),"") -> [판매비] | K27: 156000 | L27: 156000 | M27: 156000 | N27: 156000 | O27: 156000 | P27: 156000 | Q27: 156000 | R27: 156000 | S27: 156000 | T27: 156000 | U27: 156000 | V27: 156000 | W27: =IFERROR(SUM(K27:V27),"") -> 1872000 | X27: =IFERROR($W27/$Y$1,"") -> 156000 | Y27: 고객사 외근시 식대: 156,000원/월 | AK27: KA320000 | AL27: 기획팀 | AM27: [관리비] | AO27: 52130128 | AP27: 후생비_통근버스 | AQ27: 후생비
B28: =IFERROR(VLOOKUP($C28,$AH:$AI,2,),"") -> 복리후생비 | C28: =IFERROR(VLOOKUP($D28,$AO:$AQ,3,),"") -> 후생비 | D28: 52130125 | E28: =IFERROR(VLOOKUP($D28,$AO:$AQ,2,),"") -> 후생비_기타식대 | G28: ES000001 | H28: =IFERROR(VLOOKUP($G28,$AK:$AL,2,),"") -> 영업팀(E) | I28: =IFERROR(VLOOKUP($G28,$AK:$AM,3,),"") -> [판매비] | K28: 208000 | L28: 208000 | M28: 208000 | N28: 208000 | O28: 208000 | P28: 208000 | Q28: 208000 | R28: 208000 | S28: 208000 | T28: 208000 | U28: 208000 | V28: 208000 | W28: =IFERROR(SUM(K28:V28),"") -> 2496000 | X28: =IFERROR($W28/$Y$1,"") -> 208000 | Y28: 특근 및 야근식대: 208,000원/월 | AK28: KS000000 | AL28: KiB 클러스터 | AM28: [관리비] | AO28: 52130129 | AP28: 후생비_식당경비 | AQ28: 후생비
B29: =IFERROR(VLOOKUP($C29,$AH:$AI,2,),"") -> 기타비용 | C29: =IFERROR(VLOOKUP($D29,$AO:$AQ,3,),"") -> 접대비 | D29: 52230103 | E29: =IFERROR(VLOOKUP($D29,$AO:$AQ,2,),"") -> 접대비_법인카드 | G29: ES000001 | H29: =IFERROR(VLOOKUP($G29,$AK:$AL,2,),"") -> 영업팀(E) | I29: =IFERROR(VLOOKUP($G29,$AK:$AM,3,),"") -> [판매비] | K29: 1500000 | L29: 1500000 | M29: 1500000 | N29: 1500000 | O29: 1500000 | P29: 1500000 | Q29: 1500000 | R29: 1500000 | S29: 1500000 | T29: 1500000 | U29: 1500000 | V29: 1500000 | W29: =IFERROR(SUM(K29:V29),"") -> 18000000 | X29: =IFERROR($W29/$Y$1,"") -> 1500000 | Y29: 고객사 접식대, 선물대, 경조금: 1,500,000원/월 | AK29: KA300002 | AL29: 자문위원 | AM29: [관리비] | AO29: 52130131 | AP29: 후생비_행사지원비 | AQ29: 후생비
B30: =IFERROR(VLOOKUP($C30,$AH:$AI,2,),"") -> 지급수수료 | C30: =IFERROR(VLOOKUP($D30,$AO:$AQ,3,),"") -> 지급수수료 | D30: 52319900 | E30: =IFERROR(VLOOKUP($D30,$AO:$AQ,2,),"") -> 지급수수료_기타 | G30: ES000001 | H30: =IFERROR(VLOOKUP($G30,$AK:$AL,2,),"") -> 영업팀(E) | I30: =IFERROR(VLOOKUP($G30,$AK:$AM,3,),"") -> [판매비] | K30: 141000 | L30: 141000 | M30: 141000 | N30: 141000 | O30: 141000 | P30: 141000 | Q30: 141000 | R30: 141000 | S30: 141000 | T30: 141000 | U30: 141000 | V30: 141000 | W30: =IFERROR(SUM(K30:V30),"") -> 1692000 | X30: =IFERROR($W30/$Y$1,"") -> 141000 | Y30: 해외출장시 취급수수료,신용평가수수료, 국제사업자등록증 갱신: 141,000원/월 | AK30: KA300000 | AL30: 사장_금지 (미사용) | AM30: [관리비] | AO30: 52130132 | AP30: 후생비_안전보건장비 | AQ30: 후생비
B31: =IFERROR(VLOOKUP($C31,$AH:$AI,2,),"") -> 지급수수료 | C31: =IFERROR(VLOOKUP($D31,$AO:$AQ,3,),"") -> 지급수수료 | D31: 52310102 | E31: =IFERROR(VLOOKUP($D31,$AO:$AQ,2,),"") -> 지급수수료_송금수수료 | G31: ES000001 | H31: =IFERROR(VLOOKUP($G31,$AK:$AL,2,),"") -> 영업팀(E) | I31: =IFERROR(VLOOKUP($G31,$AK:$AM,3,),"") -> [판매비] | K31: 6000 | L31: 6000 | M31: 6000 | N31: 6000 | O31: 6000 | P31: 6000 | Q31: 6000 | R31: 6000 | S31: 6000 | T31: 6000 | U31: 6000 | V31: 6000 | W31: =IFERROR(SUM(K31:V31),"") -> 72000 | X31: =IFERROR($W31/$Y$1,"") -> 6000 | Y31: 외화송금수수료: 6,000원/월 | AO31: 52130133 | AP31: 후생비_선물대 | AQ31: 후생비
B32: =IFERROR(VLOOKUP($C32,$AH:$AI,2,),"") -> 지급수수료 | C32: =IFERROR(VLOOKUP($D32,$AO:$AQ,3,),"") -> 지급수수료 | D32: 52310128 | E32: =IFERROR(VLOOKUP($D32,$AO:$AQ,2,),"") -> 지급수수료-통관수수료 | G32: ES000001 | H32: =IFERROR(VLOOKUP($G32,$AK:$AL,2,),"") -> 영업팀(E) | I32: =IFERROR(VLOOKUP($G32,$AK:$AM,3,),"") -> [판매비] | K32: 45000 | L32: 45000 | M32: 45000 | N32: 45000 | O32: 45000 | P32: 45000 | Q32: 45000 | R32: 45000 | S32: 45000 | T32: 45000 | U32: 45000 | V32: 45000 | W32: =IFERROR(SUM(K32:V32),"") -> 540000 | X32: =IFERROR($W32/$Y$1,"") -> 45000 | Y32: 샘플 수출입 통관 수수료: 45,000원/월 | AO32: 52130134 | AP32: 후생비_식대(생산성향상) | AQ32: 후생비
B33: =IFERROR(VLOOKUP($C33,$AH:$AI,2,),"") -> 기타비용 | C33: =IFERROR(VLOOKUP($D33,$AO:$AQ,3,),"") -> 차량유지비 | D33: 52359900 | E33: =IFERROR(VLOOKUP($D33,$AO:$AQ,2,),"") -> 차량유지비_기타 | G33: ES000001 | H33: =IFERROR(VLOOKUP($G33,$AK:$AL,2,),"") -> 영업팀(E) | I33: =IFERROR(VLOOKUP($G33,$AK:$AM,3,),"") -> [판매비] | K33: 35000 | L33: 35000 | M33: 35000 | N33: 35000 | O33: 35000 | P33: 35000 | Q33: 35000 | R33: 35000 | S33: 35000 | T33: 35000 | U33: 35000 | V33: 35000 | W33: =IFERROR(SUM(K33:V33),"") -> 420000 | X33: =IFERROR($W33/$Y$1,"") -> 35000 | Y33: 외근시 주차비용: 35,000원/월 | AO33: 52130136 | AP33: 후생비_노조관련식대 | AQ33: 후생비
B34: =IFERROR(VLOOKUP($C34,$AH:$AI,2,),"") -> 기타비용 | C34: =IFERROR(VLOOKUP($D34,$AO:$AQ,3,),"") -> 통신비 | D34: 52160103 | E34: =IFERROR(VLOOKUP($D34,$AO:$AQ,2,),"") -> 통신비_우편료 | G34: ES000001 | H34: =IFERROR(VLOOKUP($G34,$AK:$AL,2,),"") -> 영업팀(E) | I34: =IFERROR(VLOOKUP($G34,$AK:$AM,3,),"") -> [판매비] | K34: 1000 | L34: 1000 | M34: 1000 | N34: 1000 | O34: 1000 | P34: 1000 | Q34: 1000 | R34: 1000 | S34: 1000 | T34: 1000 | U34: 1000 | V34: 1000 | W34: =IFERROR(SUM(K34:V34),"") -> 12000 | X34: =IFERROR($W34/$Y$1,"") -> 1000 | Y34: 계약서 및 서류 등기발송: 1,000원/월 | AO34: 52130137 | AP34: 후생비_식대_현장관리식대 | AQ34: 후생비
B35: =IFERROR(VLOOKUP($C35,$AH:$AI,2,),"") -> 운반비 | C35: =IFERROR(VLOOKUP($D35,$AO:$AQ,3,),"") -> 운반비 | D35: 52250103 | E35: =IFERROR(VLOOKUP($D35,$AO:$AQ,2,),"") -> 운반비_항공 | G35: ES000001 | H35: =IFERROR(VLOOKUP($G35,$AK:$AL,2,),"") -> 영업팀(E) | I35: =IFERROR(VLOOKUP($G35,$AK:$AM,3,),"") -> [판매비] | K35: 330000 | L35: 330000 | M35: 330000 | N35: 330000 | O35: 330000 | P35: 330000 | Q35: 330000 | R35: 330000 | S35: 330000 | T35: 330000 | U35: 330000 | V35: 330000 | W35: =IFERROR(SUM(K35:V35),"") -> 3960000 | X35: =IFERROR($W35/$Y$1,"") -> 330000 | Y35: 항공 : 330,000원/월 | AO35: 52130138 | AP35: 후생비_자기계발비 | AQ35: 후생비
B36: =IFERROR(VLOOKUP($C36,$AH:$AI,2,),"") -> 운반비 | C36: =IFERROR(VLOOKUP($D36,$AO:$AQ,3,),"") -> 운반비 | D36: 52250101 | E36: =IFERROR(VLOOKUP($D36,$AO:$AQ,2,),"") -> 운반비_국내일반 | G36: ES000001 | H36: =IFERROR(VLOOKUP($G36,$AK:$AL,2,),"") -> 영업팀(E) | I36: =IFERROR(VLOOKUP($G36,$AK:$AM,3,),"") -> [판매비] | K36: 90000 | L36: 90000 | M36: 90000 | N36: 90000 | O36: 90000 | P36: 90000 | Q36: 90000 | R36: 90000 | S36: 90000 | T36: 90000 | U36: 90000 | V36: 90000 | W36: =IFERROR(SUM(K36:V36),"") -> 1080000 | X36: =IFERROR($W36/$Y$1,"") -> 90000 | Y36: 국내일반 : 90,000원/월 | AO36: 52130141 | AP36: 후생비_연월차수당 | AQ36: 후생비
B37: =IFERROR(VLOOKUP($C37,$AH:$AI,2,),"") -> 운반비 | C37: =IFERROR(VLOOKUP($D37,$AO:$AQ,3,),"") -> 운반비 | D37: 52250105 | E37: =IFERROR(VLOOKUP($D37,$AO:$AQ,2,),"") -> 운반비_택배 | G37: ES000001 | H37: =IFERROR(VLOOKUP($G37,$AK:$AL,2,),"") -> 영업팀(E) | I37: =IFERROR(VLOOKUP($G37,$AK:$AM,3,),"") -> [판매비] | K37: 1900 | L37: 1900 | M37: 1900 | N37: 1900 | O37: 1900 | P37: 1900 | Q37: 1900 | R37: 1900 | S37: 1900 | T37: 1900 | U37: 1900 | V37: 1900 | W37: =IFERROR(SUM(K37:V37),"") -> 22800 | X37: =IFERROR($W37/$Y$1,"") -> 1900 | Y37: 부품/샘플 택배: 1,900원/월 | AO37: 52130151 | AP37: 후생비_TFT PROJECT | AQ37: 후생비
B38: =IFERROR(VLOOKUP($C38,$AH:$AI,2,),"") -> 운반비 | C38: =IFERROR(VLOOKUP($D38,$AO:$AQ,3,),"") -> 운반비 | D38: 52250104 | E38: =IFERROR(VLOOKUP($D38,$AO:$AQ,2,),"") -> 운반비_특송 | G38: ES000001 | H38: =IFERROR(VLOOKUP($G38,$AK:$AL,2,),"") -> 영업팀(E) | I38: =IFERROR(VLOOKUP($G38,$AK:$AM,3,),"") -> [판매비] | K38: 500000 | L38: 500000 | M38: 500000 | N38: 500000 | O38: 500000 | P38: 500000 | Q38: 500000 | R38: 500000 | S38: 500000 | T38: 500000 | U38: 500000 | V38: 500000 | W38: =IFERROR(SUM(K38:V38),"") -> 6000000 | X38: =IFERROR($W38/$Y$1,"") -> 500000 | Y38: DHL 운반비: 500,000원/월 | AO38: 52139900 | AP38: 후생비_기타 | AQ38: 후생비
B39: =IFERROR(VLOOKUP($C39,$AH:$AI,2,),"") -> 여비교통비 | C39: =IFERROR(VLOOKUP($D39,$AO:$AQ,3,),"") -> 여비교통비 | D39: 52150109 | E39: =IFERROR(VLOOKUP($D39,$AO:$AQ,2,),"") -> 여비교통비_교육 | G39: EB000003 | H39: =IFERROR(VLOOKUP($G39,$AK:$AL,2,),"") -> 구매팀(E) | I39: =IFERROR(VLOOKUP($G39,$AK:$AM,3,),"") -> [관리비] | K39: 20000 | L39: 20000 | M39: 20000 | N39: 20000 | O39: 20000 | P39: 20000 | Q39: 20000 | R39: 20000 | S39: 20000 | T39: 20000 | U39: 20000 | V39: 20000 | W39: =IFERROR(SUM(K39:V39),"") -> 240000 | X39: =IFERROR($W39/$Y$1,"") -> 20000 | Y39: 교육시 여비: 10,000원/월 (사외교육) | AO39: 52140101 | AP39: 교육훈련비_사외교육 | AQ39: 교육훈련비
B40: =IFERROR(VLOOKUP($C40,$AH:$AI,2,),"") -> 여비교통비 | C40: =IFERROR(VLOOKUP($D40,$AO:$AQ,3,),"") -> 여비교통비 | D40: 52150101 | E40: =IFERROR(VLOOKUP($D40,$AO:$AQ,2,),"") -> 여비교통비_국내출장 | G40: EB000003 | H40: =IFERROR(VLOOKUP($G40,$AK:$AL,2,),"") -> 구매팀(E) | I40: =IFERROR(VLOOKUP($G40,$AK:$AM,3,),"") -> [관리비] | K40: 400000 | L40: 400000 | M40: 400000 | N40: 400000 | O40: 400000 | P40: 400000 | Q40: 400000 | R40: 400000 | S40: 400000 | T40: 400000 | U40: 400000 | V40: 400000 | W40: =IFERROR(SUM(K40:V40),"") -> 4800000 | X40: =IFERROR($W40/$Y$1,"") -> 400000 | Y40: 고객사, 부품협력사 업무협의 및 부품/공정점검: 50,000원x월2회X4명 | AO40: 52140105 | AP40: 교육훈련비_사내교육 | AQ40: 교육훈련비
B41: =IFERROR(VLOOKUP($C41,$AH:$AI,2,),"") -> 여비교통비 | C41: =IFERROR(VLOOKUP($D41,$AO:$AQ,3,),"") -> 여비교통비 | D41: 52150103 | E41: =IFERROR(VLOOKUP($D41,$AO:$AQ,2,),"") -> 여비교통비_해외출장 | G41: EB000003 | H41: =IFERROR(VLOOKUP($G41,$AK:$AL,2,),"") -> 구매팀(E) | I41: =IFERROR(VLOOKUP($G41,$AK:$AM,3,),"") -> [관리비] | K41: 6666666.7 | L41: 6666666.7 | M41: 6666666.7 | N41: 6666666.7 | O41: 6666666.7 | P41: 6666666.7 | Q41: 6666666.7 | R41: 6666666.7 | S41: 6666666.7 | T41: 6666666.7 | U41: 6666666.7 | V41: 6666666.7 | W41: =IFERROR(SUM(K41:V41),"") -> 80000000 | X41: =IFERROR($W41/$Y$1,"") -> 6666666.7 | Y41: 협력사, 해외공장 현지화 및 점검: 6,666,667원/월 (년간 8000만원) | AO41: 52140107 | AP41: 교육훈련비_외부강사료 | AQ41: 교육훈련비
B42: =IFERROR(VLOOKUP($C42,$AH:$AI,2,),"") -> 여비교통비 | C42: =IFERROR(VLOOKUP($D42,$AO:$AQ,3,),"") -> 여비교통비 | D42: 52150105 | E42: =IFERROR(VLOOKUP($D42,$AO:$AQ,2,),"") -> 여비교통비_시내 | G42: EB000003 | H42: =IFERROR(VLOOKUP($G42,$AK:$AL,2,),"") -> 구매팀(E) | I42: =IFERROR(VLOOKUP($G42,$AK:$AM,3,),"") -> [관리비] | K42: 100000 | L42: 100000 | M42: 100000 | N42: 100000 | O42: 100000 | P42: 100000 | Q42: 100000 | R42: 100000 | S42: 100000 | T42: 100000 | U42: 100000 | V42: 100000 | W42: =IFERROR(SUM(K42:V42),"") -> 1200000 | X42: =IFERROR($W42/$Y$1,"") -> 100000 | Y42: 외근시 교통비: 100,000원/월 (KTX,택시) | AO42: 52149900 | AP42: 교육훈련비_기타 | AQ42: 교육훈련비
... B96: =IFERROR(VLOOKUP($C96,$AH:$AI,2,),"") -> 지급수수료 | C96: =IFERROR(VLOOKUP($D96,$AO:$AQ,3,),"") -> 지급수수료 | D96: 52310111 | E96: =IFERROR(VLOOKUP($D96,$AO:$AQ,2,),"") -> 지급수수료-시험수수료 | G96: EB000002 | H96: =IFERROR(VLOOKUP($G96,$AK:$AL,2,),"") -> 제품개발팀(E) | I96: =IFERROR(VLOOKUP($G96,$AK:$AM,3,),"") -> [연구개발비] | K96: 100000 | L96: 100000 | M96: 100000 | N96: 100000 | O96: 100000 | P96: 100000 | Q96: 100000 | R96: 100000 | S96: 100000 | T96: 100000 | U96: 100000 | V96: 100000 | W96: =IFERROR(SUM(K96:V96),"") -> 1200000 | X96: =IFERROR($W96/$Y$1,"") -> 100000 | Y96: 시험 수수료: 월 10만원 | AO96: 52260121 | AP96: 견본비_제품 | AQ96: 기타
B97: =IFERROR(VLOOKUP($C97,$AH:$AI,2,),"") -> 기타비용 | C97: =IFERROR(VLOOKUP($D97,$AO:$AQ,3,),"") -> 교육훈련비 | D97: 52140101 | E97: =IFERROR(VLOOKUP($D97,$AO:$AQ,2,),"") -> 교육훈련비_사외교육 | G97: EA000001 | H97: =IFERROR(VLOOKUP($G97,$AK:$AL,2,),"") -> 연구개발부문(E) | I97: =IFERROR(VLOOKUP($G97,$AK:$AM,3,),"") -> [연구개발비] | M97: 9000000 | W97: =IFERROR(SUM(K97:V97),"") -> 9000000 | X97: =IFERROR($W97/$Y$1,"") -> 750000 | Y97: CTO 교육 | AO97: 52280111 | AP97: 경상연구비_견품및재료비-상품 | AQ97: 경상연구비
B98: =IFERROR(VLOOKUP($C98,$AH:$AI,2,),"") -> 복리후생비 | C98: =IFERROR(VLOOKUP($D98,$AO:$AQ,3,),"") -> 후생비 | D98: 52130123 | E98: =IFERROR(VLOOKUP($D98,$AO:$AQ,2,),"") -> 후생비_외근식대 | G98: EA000002 | H98: =IFERROR(VLOOKUP($G98,$AK:$AL,2,),"") -> 전장설계1팀(E) | I98: =IFERROR(VLOOKUP($G98,$AK:$AM,3,),"") -> [연구개발비] | K98: 150000 | L98: 150000 | M98: 150000 | N98: 150000 | O98: 150000 | P98: 150000 | Q98: 150000 | R98: 150000 | S98: 150000 | T98: 150000 | U98: 150000 | V98: 150000 | W98: =IFERROR(SUM(K98:V98),"") -> 1800000 | X98: =IFERROR($W98/$Y$1,"") -> 150000 | Y98: 외근시 식대 | AO98: 52280121 | AP98: 경상연구비_견품및재료비-제품 | AQ98: 경상연구비
B99: =IFERROR(VLOOKUP($C99,$AH:$AI,2,),"") -> 복리후생비 | C99: =IFERROR(VLOOKUP($D99,$AO:$AQ,3,),"") -> 후생비 | D99: 52130125 | E99: =IFERROR(VLOOKUP($D99,$AO:$AQ,2,),"") -> 후생비_기타식대 | G99: EA000002 | H99: =IFERROR(VLOOKUP($G99,$AK:$AL,2,),"") -> 전장설계1팀(E) | I99: =IFERROR(VLOOKUP($G99,$AK:$AM,3,),"") -> [연구개발비] | K99: 50000 | L99: 50000 | M99: 50000 | N99: 50000 | O99: 50000 | P99: 50000 | Q99: 50000 | R99: 50000 | S99: 50000 | T99: 50000 | U99: 50000 | V99: 50000 | W99: =IFERROR(SUM(K99:V99),"") -> 600000 | X99: =IFERROR($W99/$Y$1,"") -> 50000 | Y99: 특근 및 훈련시 식대 | AO99: 52280131 | AP99: 경상연구비_견품및재료비-반제품 | AQ99: 경상연구비
B100: =IFERROR(VLOOKUP($C100,$AH:$AI,2,),"") -> 여비교통비 | C100: =IFERROR(VLOOKUP($D100,$AO:$AQ,3,),"") -> 여비교통비 | D100: 52150105 | E100: =IFERROR(VLOOKUP($D100,$AO:$AQ,2,),"") -> 여비교통비_시내 | G100: EA000002 | H100: =IFERROR(VLOOKUP($G100,$AK:$AL,2,),"") -> 전장설계1팀(E) | I100: =IFERROR(VLOOKUP($G100,$AK:$AM,3,),"") -> [연구개발비] | K100: 50000 | L100: 50000 | M100: 50000 | N100: 50000 | O100: 50000 | P100: 50000 | Q100: 50000 | R100: 50000 | S100: 50000 | T100: 50000 | U100: 50000 | V100: 50000 | W100: =IFERROR(SUM(K100:V100),"") -> 600000 | X100: =IFERROR($W100/$Y$1,"") -> 50000 | Y100: 외근시 교통료 | AO100: 52280141 | AP100: 경상연구비_견품및재료비-원재료 | AQ100: 경상연구비
B101: =IFERROR(VLOOKUP($C101,$AH:$AI,2,),"") -> 여비교통비 | C101: =IFERROR(VLOOKUP($D101,$AO:$AQ,3,),"") -> 여비교통비 | D101: 52159900 | E101: =IFERROR(VLOOKUP($D101,$AO:$AQ,2,),"") -> 여비교통비_기타 | G101: EA000002 | H101: =IFERROR(VLOOKUP($G101,$AK:$AL,2,),"") -> 전장설계1팀(E) | I101: =IFERROR(VLOOKUP($G101,$AK:$AM,3,),"") -> [연구개발비] | K101: 50000 | L101: 50000 | M101: 50000 | N101: 50000 | O101: 50000 | P101: 50000 | Q101: 50000 | R101: 50000 | S101: 50000 | T101: 50000 | U101: 50000 | V101: 50000 | W101: =IFERROR(SUM(K101:V101),"") -> 600000 | X101: =IFERROR($W101/$Y$1,"") -> 50000 | Y101: 교육일잡비 | AO101: 52280201 | AP101: 경상연구비_연구용역비 | AQ101: 경상연구비
B102: =IFERROR(VLOOKUP($C102,$AH:$AI,2,),"") -> 여비교통비 | C102: =IFERROR(VLOOKUP($D102,$AO:$AQ,3,),"") -> 여비교통비 | D102: 52150101 | E102: =IFERROR(VLOOKUP($D102,$AO:$AQ,2,),"") -> 여비교통비_국내출장 | G102: EA000002 | H102: =IFERROR(VLOOKUP($G102,$AK:$AL,2,),"") -> 전장설계1팀(E) | I102: =IFERROR(VLOOKUP($G102,$AK:$AM,3,),"") -> [연구개발비] | K102: 100000 | L102: 100000 | M102: 100000 | N102: 100000 | O102: 100000 | P102: 100000 | Q102: 100000 | R102: 100000 | S102: 100000 | T102: 100000 | U102: 100000 | V102: 100000 | W102: =IFERROR(SUM(K102:V102),"") -> 1200000 | X102: =IFERROR($W102/$Y$1,"") -> 100000 | Y102: 리워크 및 업무지원 출장 | AO102: 52280301 | AP102: 경상연구비_시험분석비 | AQ102: 경상연구비
B103: =IFERROR(VLOOKUP($C103,$AH:$AI,2,),"") -> 여비교통비 | C103: =IFERROR(VLOOKUP($D103,$AO:$AQ,3,),"") -> 여비교통비 | D103: 52150103 | E103: =IFERROR(VLOOKUP($D103,$AO:$AQ,2,),"") -> 여비교통비_해외출장 | G103: EA000002 | H103: =IFERROR(VLOOKUP($G103,$AK:$AL,2,),"") -> 전장설계1팀(E) | I103: =IFERROR(VLOOKUP($G103,$AK:$AM,3,),"") -> [연구개발비] | K103: 2000000 | L103: 2000000 | M103: 2000000 | N103: 2000000 | O103: 2000000 | P103: 2000000 | Q103: 2000000 | R103: 2000000 | S103: 2000000 | T103: 2000000 | U103: 2000000 | V103: 2000000 | W103: =IFERROR(SUM(K103:V103),"") -> 24000000 | X103: =IFERROR($W103/$Y$1,"") -> 2000000 | Y103: 고객사 및 해외자동차 박람회 | AO103: 52280303 | AP103: 경상연구비_자료검색비 | AQ103: 경상연구비
B104: =IFERROR(VLOOKUP($C104,$AH:$AI,2,),"") -> 기타비용 | C104: =IFERROR(VLOOKUP($D104,$AO:$AQ,3,),"") -> 교육훈련비 | D104: 52140101 | E104: =IFERROR(VLOOKUP($D104,$AO:$AQ,2,),"") -> 교육훈련비_사외교육 | G104: EA000002 | H104: =IFERROR(VLOOKUP($G104,$AK:$AL,2,),"") -> 전장설계1팀(E) | I104: =IFERROR(VLOOKUP($G104,$AK:$AM,3,),"") -> [연구개발비] | K104: 250000 | L104: 250000 | M104: 250000 | N104: 250000 | O104: 250000 | P104: 250000 | Q104: 250000 | R104: 250000 | S104: 250000 | T104: 250000 | U104: 250000 | V104: 250000 | W104: =IFERROR(SUM(K104:V104),"") -> 3000000 | X104: =IFERROR($W104/$Y$1,"") -> 250000 | Y104: 사외교육 | AO104: 52280305 | AP104: 경상연구비_특허비 | AQ104: 경상연구비
B105: =IFERROR(VLOOKUP($C105,$AH:$AI,2,),"") -> 기타비용 | C105: =IFERROR(VLOOKUP($D105,$AO:$AQ,3,),"") -> 교육훈련비 | D105: 52140105 | E105: =IFERROR(VLOOKUP($D105,$AO:$AQ,2,),"") -> 교육훈련비_사내교육 | G105: EA000002 | H105: =IFERROR(VLOOKUP($G105,$AK:$AL,2,),"") -> 전장설계1팀(E) | I105: =IFERROR(VLOOKUP($G105,$AK:$AM,3,),"") -> [연구개발비] | K105: 250000 | L105: 250000 | M105: 250000 | N105: 250000 | O105: 250000 | P105: 250000 | Q105: 250000 | R105: 250000 | S105: 250000 | T105: 250000 | U105: 250000 | V105: 250000 | W105: =IFERROR(SUM(K105:V105),"") -> 3000000 | X105: =IFERROR($W105/$Y$1,"") -> 250000 | Y105: 사이버 연수원 교육비 | AO105: 52280317 | AP105: 경상연구비_연구개발소모품비 | AQ105: 경상연구비
B106: =IFERROR(VLOOKUP($C106,$AH:$AI,2,),"") -> 운반비 | C106: =IFERROR(VLOOKUP($D106,$AO:$AQ,3,),"") -> 운반비 | D106: 52250105 | E106: =IFERROR(VLOOKUP($D106,$AO:$AQ,2,),"") -> 운반비_택배 | G106: EA000002 | H106: =IFERROR(VLOOKUP($G106,$AK:$AL,2,),"") -> 전장설계1팀(E) | I106: =IFERROR(VLOOKUP($G106,$AK:$AM,3,),"") -> [연구개발비] | K106: 15000 | L106: 15000 | M106: 15000 | N106: 15000 | O106: 15000 | P106: 15000 | Q106: 15000 | R106: 15000 | S106: 15000 | T106: 15000 | U106: 15000 | V106: 15000 | W106: =IFERROR(SUM(K106:V106),"") -> 180000 | X106: =IFERROR($W106/$Y$1,"") -> 15000 | Y106: 업체 샘플 발송 및 수신 | AO106: 52280318 | AP106: 경상연구비_소모품비(판매) | AQ106: 경상연구비
B107: =IFERROR(VLOOKUP($C107,$AH:$AI,2,),"") -> 운반비 | C107: =IFERROR(VLOOKUP($D107,$AO:$AQ,3,),"") -> 운반비 | D107: 52259900 | E107: =IFERROR(VLOOKUP($D107,$AO:$AQ,2,),"") -> 운반비_기타 | G107: EA000002 | H107: =IFERROR(VLOOKUP($G107,$AK:$AL,2,),"") -> 전장설계1팀(E) | I107: =IFERROR(VLOOKUP($G107,$AK:$AM,3,),"") -> [연구개발비] | K107: 15000 | L107: 15000 | M107: 15000 | N107: 15000 | O107: 15000 | P107: 15000 | Q107: 15000 | R107: 15000 | S107: 15000 | T107: 15000 | U107: 15000 | V107: 15000 | W107: =IFERROR(SUM(K107:V107),"") -> 180000 | X107: =IFERROR($W107/$Y$1,"") -> 15000 | Y107: 우편 | AO107: 52280321 | AP107: 경상연구비_정부과제 | AQ107: 경상연구비
B108: =IFERROR(VLOOKUP($C108,$AH:$AI,2,),"") -> 운반비 | C108: =IFERROR(VLOOKUP($D108,$AO:$AQ,3,),"") -> 운반비 | D108: 52250104 | E108: =IFERROR(VLOOKUP($D108,$AO:$AQ,2,),"") -> 운반비_특송 | G108: EA000002 | H108: =IFERROR(VLOOKUP($G108,$AK:$AL,2,),"") -> 전장설계1팀(E) | I108: =IFERROR(VLOOKUP($G108,$AK:$AM,3,),"") -> [연구개발비] | K108: 50000 | L108: 50000 | M108: 50000 | N108: 50000 | O108: 50000 | P108: 50000 | Q108: 50000 | R108: 50000 | S108: 50000 | T108: 50000 | U108: 50000 | V108: 50000 | W108: =IFERROR(SUM(K108:V108),"") -> 600000 | X108: =IFERROR($W108/$Y$1,"") -> 50000 | Y108: DHL | AO108: 52280332 | AP108: 경상연구비_(안전)자료구입비 | AQ108: 경상연구비
B109: =IFERROR(VLOOKUP($C109,$AH:$AI,2,),"") -> 기타비용 | C109: =IFERROR(VLOOKUP($D109,$AO:$AQ,3,),"") -> 차량유지비 | D109: 52359900 | E109: =IFERROR(VLOOKUP($D109,$AO:$AQ,2,),"") -> 차량유지비_기타 | G109: EA000002 | H109: =IFERROR(VLOOKUP($G109,$AK:$AL,2,),"") -> 전장설계1팀(E) | I109: =IFERROR(VLOOKUP($G109,$AK:$AM,3,),"") -> [연구개발비] | K109: 20000 | L109: 20000 | M109: 20000 | N109: 20000 | O109: 20000 | P109: 20000 | Q109: 20000 | R109: 20000 | S109: 20000 | T109: 20000 | U109: 20000 | V109: 20000 | W109: =IFERROR(SUM(K109:V109),"") -> 240000 | X109: =IFERROR($W109/$Y$1,"") -> 20000 | Y109: 외근시 주차비 | AO109: 52280333 | AP109: 경상연구비_(안전)실험실유지보수비 | AQ109: 경상연구비
... B141: =IFERROR(VLOOKUP($C141,$AH:$AI,2,),"") -> 개발비 | C141: =IFERROR(VLOOKUP($D141,$AO:$AQ,3,),"") -> 경상연구비 | D141: 52280301 | E141: =IFERROR(VLOOKUP($D141,$AO:$AQ,2,),"") -> 경상연구비_시험분석비 | G141: EA000003 | H141: =IFERROR(VLOOKUP($G141,$AK:$AL,2,),"") -> 전장설계2팀(E) | I141: =IFERROR(VLOOKUP($G141,$AK:$AM,3,),"") -> [연구개발비] | K141: 1000000 | L141: 1000000 | M141: 1000000 | N141: 1000000 | O141: 1000000 | P141: 1000000 | Q141: 1000000 | R141: 1000000 | S141: 1000000 | T141: 1000000 | U141: 1000000 | V141: 1000000 | W141: =IFERROR(SUM(K141:V141),"") -> 12000000 | X141: =IFERROR($W141/$Y$1,"") -> 1000000 | Y141: 시뮬레이션(해석)/시험 비용: 1,000,000원/월 | AO141: 52330101 | AP141: 소모품비_전산소모품 | AQ141: 소모품비
B142: =IFERROR(VLOOKUP($C142,$AH:$AI,2,),"") -> 기타비용 | C142: =IFERROR(VLOOKUP($D142,$AO:$AQ,3,),"") -> 접대비 | D142: 52230103 | E142: =IFERROR(VLOOKUP($D142,$AO:$AQ,2,),"") -> 접대비_법인카드 | G142: EB000005 | H142: =IFERROR(VLOOKUP($G142,$AK:$AL,2,),"") -> 생산기술팀(E) | I142: =IFERROR(VLOOKUP($G142,$AK:$AM,3,),"") -> [관리비] | K142: 300000 | L142: 300000 | M142: 300000 | N142: 300000 | O142: 300000 | P142: 300000 | Q142: 300000 | R142: 300000 | S142: 300000 | T142: 300000 | U142: 300000 | V142: 300000 | W142: =IFERROR(SUM(K142:V142),"") -> 3600000 | X142: =IFERROR($W142/$Y$1,"") -> 300000 | AO142: 52330102 | AP142: 소모품비_문구 | AQ142: 소모품비
B143: =IFERROR(VLOOKUP($C143,$AH:$AI,2,),"") -> 복리후생비 | C143: =IFERROR(VLOOKUP($D143,$AO:$AQ,3,),"") -> 후생비 | D143: 52130123 | E143: =IFERROR(VLOOKUP($D143,$AO:$AQ,2,),"") -> 후생비_외근식대 | G143: EB000005 | H143: =IFERROR(VLOOKUP($G143,$AK:$AL,2,),"") -> 생산기술팀(E) | I143: =IFERROR(VLOOKUP($G143,$AK:$AM,3,),"") -> [관리비] | K143: 325000 | L143: 325000 | M143: 325000 | N143: 325000 | O143: 325000 | P143: 325000 | Q143: 325000 | R143: 325000 | S143: 650000 | T143: 650000 | U143: 650000 | V143: 650000 | W143: =IFERROR(SUM(K143:V143),"") -> 5200000 | X143: =IFERROR($W143/$Y$1,"") -> 433333.33 | AO143: 52330104 | AP143: 소모품비-영선소모품 | AQ143: 소모품비
B144: =IFERROR(VLOOKUP($C144,$AH:$AI,2,),"") -> 복리후생비 | C144: =IFERROR(VLOOKUP($D144,$AO:$AQ,3,),"") -> 후생비 | D144: 52130123 | E144: =IFERROR(VLOOKUP($D144,$AO:$AQ,2,),"") -> 후생비_외근식대 | G144: PJT | H144: SK on FORD EREV-T3H | I144: =IFERROR(VLOOKUP($G144,$AK:$AM,3,),"") -> [연구개발비] | L144: 325000 | M144: 325000 | N144: 325000 | O144: 325000 | W144: =IFERROR(SUM(K144:V144),"") -> 1300000 | X144: =IFERROR($W144/$Y$1,"") -> 108333.33 | AO144: 52330105 | AP144: 소모품비-소모성비품 | AQ144: 소모품비
